location_id,latitude,longitude,elevation,utc_offset_seconds,timezone,timezone_abbreviation
0,43.5,143.0,1053.0,32400,Asia/Tokyo,GMT+9
1,35.75,139.5,22.0,32400,Asia/Tokyo,GMT+9
2,35.75,139.75,40.0,32400,Asia/Tokyo,GMT+9
3,35.5,140.25,10.0,32400,Asia/Tokyo,GMT+9
4,37.75,139.0,2.0,32400,Asia/Tokyo,GMT+9

location_id,time,global_tilted_irradiance (W/m²),shortwave_radiation (W/m²),diffuse_radiation (W/m²),direct_normal_irradiance (W/m²)
0,2025-09-09T00:00,0.0,0.0,0.0,0.0
0,2025-09-09T01:00,0.0,0.0,0.0,0.0
0,2025-09-09T02:00,0.0,0.0,0.0,0.0
0,2025-09-09T03:00,0.0,0.0,0.0,0.0
0,2025-09-09T04:00,0.0,0.0,0.0,0.0
0,2025-09-09T05:00,0.0,0.0,0.0,0.0
0,2025-09-09T06:00,21.0,21.0,20.5,3.9
0,2025-09-09T07:00,76.0,76.0,68.3,29.0
0,2025-09-09T08:00,144.0,144.0,122.6,49.0
0,2025-09-09T09:00,224.0,224.0,183.3,69.8
0,2025-09-09T10:00,306.0,306.0,241.6,92.8
0,2025-09-09T11:00,370.0,370.0,283.2,113.9
0,2025-09-09T12:00,400.0,400.0,298.4,129.8
0,2025-09-09T13:00,380.0,380.0,282.8,128.8
0,2025-09-09T14:00,316.0,316.0,240.7,110.8
0,2025-09-09T15:00,227.0,227.0,181.0,81.9
0,2025-09-09T16:00,137.0,137.0,116.3,50.6
0,2025-09-09T17:00,63.0,63.0,57.9,22.0
0,2025-09-09T18:00,14.0,14.0,14.0,0.0
0,2025-09-09T19:00,0.0,0.0,0.0,0.0
0,2025-09-09T20:00,0.0,0.0,0.0,0.0
0,2025-09-09T21:00,0.0,0.0,0.0,0.0
0,2025-09-09T22:00,0.0,0.0,0.0,0.0
0,2025-09-09T23:00,0.0,0.0,0.0,0.0
0,2025-09-10T00:00,0.0,0.0,0.0,0.0
0,2025-09-10T01:00,0.0,0.0,0.0,0.0
0,2025-09-10T02:00,0.0,0.0,0.0,0.0
0,2025-09-10T03:00,0.0,0.0,0.0,0.0
0,2025-09-10T04:00,0.0,0.0,0.0,0.0
0,2025-09-10T05:00,0.0,0.0,0.0,0.0
0,2025-09-10T06:00,28.0,28.0,25.7,18.9
0,2025-09-10T07:00,105.0,105.0,85.5,74.7
0,2025-09-10T08:00,204.0,204.0,148.7,127.8
0,2025-09-10T09:00,323.0,323.0,209.7,195.5
0,2025-09-10T10:00,445.0,445.0,256.2,273.3
0,2025-09-10T11:00,544.0,544.0,279.7,348.4
0,2025-09-10T12:00,587.0,587.0,282.1,391.4
0,2025-09-10T13:00,555.0,555.0,270.5,379.2
0,2025-09-10T14:00,453.0,453.0,246.0,307.0
0,2025-09-10T15:00,317.0,317.0,201.1,208.3
0,2025-09-10T16:00,183.0,183.0,136.9,114.0
0,2025-09-10T17:00,78.0,78.0,67.9,44.0
0,2025-09-10T18:00,15.0,15.0,14.9,0.5
0,2025-09-10T19:00,0.0,0.0,0.0,0.0
0,2025-09-10T20:00,0.0,0.0,0.0,0.0
0,2025-09-10T21:00,0.0,0.0,0.0,0.0
0,2025-09-10T22:00,0.0,0.0,0.0,0.0
0,2025-09-10T23:00,0.0,0.0,0.0,0.0
0,2025-09-11T00:00,0.0,0.0,0.0,0.0
0,2025-09-11T01:00,0.0,0.0,0.0,0.0
0,2025-09-11T02:00,0.0,0.0,0.0,0.0
0,2025-09-11T03:00,0.0,0.0,0.0,0.0
0,2025-09-11T04:00,0.0,0.0,0.0,0.0
0,2025-09-11T05:00,0.0,0.0,0.0,0.0
0,2025-09-11T06:00,37.0,37.0,30.7,52.8
0,2025-09-11T07:00,138.0,138.0,97.0,159.3
0,2025-09-11T08:00,256.0,256.0,156.0,232.8
0,2025-09-11T09:00,389.0,389.0,205.0,319.5
0,2025-09-11T10:00,517.0,517.0,237.9,406.3
0,2025-09-11T11:00,616.0,616.0,251.9,482.4
0,2025-09-11T12:00,657.0,657.0,251.0,524.0
0,2025-09-11T13:00,620.0,620.0,243.0,505.6
0,2025-09-11T14:00,512.0,512.0,228.0,424.2
0,2025-09-11T15:00,367.0,367.0,196.6,309.0
0,2025-09-11T16:00,221.0,221.0,144.5,191.8
0,2025-09-11T17:00,99.0,99.0,78.5,91.9
0,2025-09-11T18:00,21.0,21.0,19.5,14.7
0,2025-09-11T19:00,0.0,0.0,0.0,0.0
0,2025-09-11T20:00,0.0,0.0,0.0,0.0
0,2025-09-11T21:00,0.0,0.0,0.0,0.0
0,2025-09-11T22:00,0.0,0.0,0.0,0.0
0,2025-09-11T23:00,0.0,0.0,0.0,0.0
0,2025-09-12T00:00,0.0,0.0,0.0,0.0
0,2025-09-12T01:00,0.0,0.0,0.0,0.0
0,2025-09-12T02:00,0.0,0.0,0.0,0.0
0,2025-09-12T03:00,0.0,0.0,0.0,0.0
0,2025-09-12T04:00,0.0,0.0,0.0,0.0
0,2025-09-12T05:00,0.0,0.0,0.0,0.0
0,2025-09-12T06:00,41.0,41.0,32.1,75.3
0,2025-09-12T07:00,151.0,151.0,98.8,205.5
0,2025-09-12T08:00,283.0,283.0,154.3,302.0
0,2025-09-12T09:00,432.0,432.0,193.7,416.3
0,2025-09-12T10:00,577.0,577.0,213.3,532.3
0,2025-09-12T11:00,688.0,688.0,216.4,628.1
0,2025-09-12T12:00,734.0,734.0,211.1,678.5
0,2025-09-12T13:00,691.0,691.0,207.3,652.6
0,2025-09-12T14:00,567.0,567.0,204.4,545.6
0,2025-09-12T15:00,403.0,403.0,187.3,395.0
0,2025-09-12T16:00,238.0,238.0,144.4,237.9
0,2025-09-12T17:00,104.0,104.0,79.7,111.6
0,2025-09-12T18:00,21.0,21.0,19.3,17.4
0,2025-09-12T19:00,0.0,0.0,0.0,0.0
0,2025-09-12T20:00,0.0,0.0,0.0,0.0
0,2025-09-12T21:00,0.0,0.0,0.0,0.0
0,2025-09-12T22:00,0.0,0.0,0.0,0.0
0,2025-09-12T23:00,0.0,0.0,0.0,0.0
0,2025-09-13T00:00,0.0,0.0,0.0,0.0
0,2025-09-13T01:00,0.0,0.0,0.0,0.0
0,2025-09-13T02:00,0.0,0.0,0.0,0.0
0,2025-09-13T03:00,0.0,0.0,0.0,0.0
0,2025-09-13T04:00,0.0,0.0,0.0,0.0
0,2025-09-13T05:00,0.0,0.0,0.0,0.0
0,2025-09-13T06:00,27.0,27.0,24.7,20.1
0,2025-09-13T07:00,98.0,98.0,81.0,67.9
0,2025-09-13T08:00,179.0,179.0,138.4,96.2
0,2025-09-13T09:00,265.0,265.0,196.2,121.0
0,2025-09-13T10:00,345.0,345.0,248.0,142.7
0,2025-09-13T11:00,402.0,402.0,283.6,158.6
0,2025-09-13T12:00,419.0,419.0,294.3,162.7
0,2025-09-13T13:00,384.0,384.0,276.6,145.8
0,2025-09-13T14:00,303.0,303.0,231.2,108.8
0,2025-09-13T15:00,202.0,202.0,166.1,66.4
0,2025-09-13T16:00,108.0,108.0,96.2,30.5
0,2025-09-13T17:00,40.0,40.0,38.7,6.1
0,2025-09-13T18:00,6.0,6.0,6.0,0.0
0,2025-09-13T19:00,0.0,0.0,0.0,0.0
0,2025-09-13T20:00,0.0,0.0,0.0,0.0
0,2025-09-13T21:00,0.0,0.0,0.0,0.0
0,2025-09-13T22:00,0.0,0.0,0.0,0.0
0,2025-09-13T23:00,0.0,0.0,0.0,0.0
0,2025-09-14T00:00,0.0,0.0,0.0,0.0
0,2025-09-14T01:00,0.0,0.0,0.0,0.0
0,2025-09-14T02:00,0.0,0.0,0.0,0.0
0,2025-09-14T03:00,0.0,0.0,0.0,0.0
0,2025-09-14T04:00,0.0,0.0,0.0,0.0
0,2025-09-14T05:00,0.0,0.0,0.0,0.0
0,2025-09-14T06:00,19.0,19.0,18.6,3.4
0,2025-09-14T07:00,79.0,79.0,69.6,38.0
0,2025-09-14T08:00,159.0,159.0,129.0,71.5
0,2025-09-14T09:00,261.0,261.0,194.1,118.3
0,2025-09-14T10:00,367.0,367.0,249.9,173.3
0,2025-09-14T11:00,455.0,455.0,283.9,230.4
0,2025-09-14T12:00,497.0,497.0,291.3,270.0
0,2025-09-14T13:00,473.0,473.0,276.2,268.8
0,2025-09-14T14:00,390.0,390.0,242.1,225.9
0,2025-09-14T15:00,276.0,276.0,189.9,160.8
0,2025-09-14T16:00,161.0,161.0,125.3,93.3
0,2025-09-14T17:00,68.0,68.0,60.2,37.7
0,2025-09-14T18:00,13.0,13.0,12.9,0.9
0,2025-09-14T19:00,0.0,0.0,0.0,0.0
0,2025-09-14T20:00,0.0,0.0,0.0,0.0
0,2025-09-14T21:00,0.0,0.0,0.0,0.0
0,2025-09-14T22:00,0.0,0.0,0.0,0.0
0,2025-09-14T23:00,0.0,0.0,0.0,0.0
0,2025-09-15T00:00,0.0,0.0,0.0,0.0
0,2025-09-15T01:00,0.0,0.0,0.0,0.0
0,2025-09-15T02:00,0.0,0.0,0.0,0.0
0,2025-09-15T03:00,0.0,0.0,0.0,0.0
0,2025-09-15T04:00,0.0,0.0,0.0,0.0
0,2025-09-15T05:00,0.0,0.0,0.0,0.0
0,2025-09-15T06:00,37.0,37.0,29.6,65.9
0,2025-09-15T07:00,144.0,144.0,95.3,200.0
0,2025-09-15T08:00,274.0,274.0,151.2,295.6
0,2025-09-15T09:00,421.0,421.0,190.8,409.9
0,2025-09-15T10:00,563.0,563.0,210.9,524.2
0,2025-09-15T11:00,673.0,673.0,213.5,622.2
0,2025-09-15T12:00,717.0,717.0,208.3,671.5
0,2025-09-15T13:00,673.0,673.0,204.6,644.2
0,2025-09-15T14:00,550.0,550.0,201.0,537.2
0,2025-09-15T15:00,387.0,387.0,183.1,384.5
0,2025-09-15T16:00,225.0,225.0,138.8,228.5
0,2025-09-15T17:00,94.0,94.0,73.4,102.8
0,2025-09-15T18:00,17.0,17.0,15.9,12.5
0,2025-09-15T19:00,0.0,0.0,0.0,0.0
0,2025-09-15T20:00,0.0,0.0,0.0,0.0
0,2025-09-15T21:00,0.0,0.0,0.0,0.0
0,2025-09-15T22:00,0.0,0.0,0.0,0.0
0,2025-09-15T23:00,0.0,0.0,0.0,0.0
0,2025-09-16T00:00,0.0,0.0,0.0,0.0
0,2025-09-16T01:00,0.0,0.0,0.0,0.0
0,2025-09-16T02:00,0.0,0.0,0.0,0.0
0,2025-09-16T03:00,0.0,0.0,0.0,0.0
0,2025-09-16T04:00,0.0,0.0,0.0,0.0
0,2025-09-16T05:00,0.0,0.0,0.0,0.0
0,2025-09-16T06:00,29.0,29.0,25.4,32.5
0,2025-09-16T07:00,118.0,118.0,88.2,124.3
0,2025-09-16T08:00,238.0,238.0,149.8,214.2
0,2025-09-16T09:00,384.0,384.0,197.1,335.1
0,2025-09-16T10:00,536.0,536.0,218.5,475.4
0,2025-09-16T11:00,660.0,660.0,216.1,604.4
0,2025-09-16T12:00,718.0,718.0,204.3,682.2
0,2025-09-16T13:00,685.0,685.0,195.6,677.4
0,2025-09-16T14:00,568.0,568.0,190.6,585.4
0,2025-09-16T15:00,406.0,406.0,175.9,438.3
0,2025-09-16T16:00,241.0,241.0,137.5,278.6
0,2025-09-16T17:00,103.0,103.0,75.6,140.6
0,2025-09-16T18:00,19.0,19.0,16.9,24.4
0,2025-09-16T19:00,0.0,0.0,0.0,0.0
0,2025-09-16T20:00,0.0,0.0,0.0,0.0
0,2025-09-16T21:00,0.0,0.0,0.0,0.0
0,2025-09-16T22:00,0.0,0.0,0.0,0.0
0,2025-09-16T23:00,0.0,0.0,0.0,0.0
0,2025-09-17T00:00,0.0,0.0,0.0,0.0
0,2025-09-17T01:00,0.0,0.0,0.0,0.0
0,2025-09-17T02:00,0.0,0.0,0.0,0.0
0,2025-09-17T03:00,0.0,0.0,0.0,0.0
0,2025-09-17T04:00,0.0,0.0,0.0,0.0
0,2025-09-17T05:00,0.0,0.0,0.0,0.0
0,2025-09-17T06:00,31.0,31.0,26.3,43.5
0,2025-09-17T07:00,121.0,121.0,88.5,137.3
0,2025-09-17T08:00,237.0,237.0,148.7,216.3
0,2025-09-17T09:00,370.0,370.0,197.5,311.2
0,2025-09-17T10:00,502.0,502.0,227.5,413.5
0,2025-09-17T11:00,603.0,603.0,237.8,500.2
0,2025-09-17T12:00,642.0,642.0,235.6,542.9
0,2025-09-17T13:00,598.0,598.0,230.1,512.6
0,2025-09-17T14:00,479.0,479.0,219.1,406.3
0,2025-09-17T15:00,325.0,325.0,187.2,265.3
0,2025-09-17T16:00,177.0,177.0,128.1,133.7
0,2025-09-17T17:00,66.0,66.0,57.9,42.8
0,2025-09-17T18:00,10.0,10.0,10.0,0.0
0,2025-09-17T19:00,0.0,0.0,0.0,0.0
0,2025-09-17T20:00,0.0,0.0,0.0,0.0
0,2025-09-17T21:00,0.0,0.0,0.0,0.0
0,2025-09-17T22:00,0.0,0.0,0.0,0.0
0,2025-09-17T23:00,0.0,0.0,0.0,0.0
0,2025-09-18T00:00,0.0,0.0,0.0,0.0
0,2025-09-18T01:00,0.0,0.0,0.0,0.0
0,2025-09-18T02:00,0.0,0.0,0.0,0.0
0,2025-09-18T03:00,0.0,0.0,0.0,0.0
0,2025-09-18T04:00,0.0,0.0,0.0,0.0
0,2025-09-18T05:00,0.0,0.0,0.0,0.0
0,2025-09-18T06:00,7.0,7.0,7.0,0.0
0,2025-09-18T07:00,29.0,29.0,28.6,1.6
0,2025-09-18T08:00,62.0,62.0,59.4,6.5
0,2025-09-18T09:00,104.0,104.0,98.8,9.5
0,2025-09-18T10:00,148.0,148.0,140.4,11.5
0,2025-09-18T11:00,184.0,184.0,174.1,13.6
0,2025-09-18T12:00,200.0,200.0,188.3,15.8
0,2025-09-18T13:00,188.0,188.0,176.2,16.6
0,2025-09-18T14:00,150.0,150.0,140.6,14.8
0,2025-09-18T15:00,101.0,101.0,95.2,11.3
0,2025-09-18T16:00,54.0,54.0,51.9,5.8
0,2025-09-18T17:00,19.0,19.0,19.0,0.0
0,2025-09-18T18:00,3.0,3.0,3.0,0.0
0,2025-09-18T19:00,0.0,0.0,0.0,0.0
0,2025-09-18T20:00,0.0,0.0,0.0,0.0
0,2025-09-18T21:00,0.0,0.0,0.0,0.0
0,2025-09-18T22:00,0.0,0.0,0.0,0.0
0,2025-09-18T23:00,0.0,0.0,0.0,0.0
0,2025-09-19T00:00,0.0,0.0,0.0,0.0
0,2025-09-19T01:00,0.0,0.0,0.0,0.0
0,2025-09-19T02:00,0.0,0.0,0.0,0.0
0,2025-09-19T03:00,0.0,0.0,0.0,0.0
0,2025-09-19T04:00,0.0,0.0,0.0,0.0
0,2025-09-19T05:00,0.0,0.0,0.0,0.0
0,2025-09-19T06:00,28.0,28.0,24.2,35.9
0,2025-09-19T07:00,118.0,118.0,86.4,137.8
0,2025-09-19T08:00,234.0,234.0,146.3,218.5
0,2025-09-19T09:00,367.0,367.0,194.5,315.6
0,2025-09-19T10:00,500.0,500.0,223.0,422.3
0,2025-09-19T11:00,602.0,602.0,231.6,513.2
0,2025-09-19T12:00,644.0,644.0,227.4,563.4
0,2025-09-19T13:00,603.0,603.0,220.7,540.1
0,2025-09-19T14:00,489.0,489.0,209.7,443.8
0,2025-09-19T15:00,337.0,337.0,181.7,305.1
0,2025-09-19T16:00,189.0,189.0,128.6,170.3
0,2025-09-19T17:00,73.0,73.0,61.0,67.7
0,2025-09-19T18:00,11.0,11.0,10.7,3.8
0,2025-09-19T19:00,0.0,0.0,0.0,0.0
0,2025-09-19T20:00,0.0,0.0,0.0,0.0
0,2025-09-19T21:00,0.0,0.0,0.0,0.0
0,2025-09-19T22:00,0.0,0.0,0.0,0.0
0,2025-09-19T23:00,0.0,0.0,0.0,0.0
0,2025-09-20T00:00,0.0,0.0,0.0,0.0
0,2025-09-20T01:00,0.0,0.0,0.0,0.0
0,2025-09-20T02:00,0.0,0.0,0.0,0.0
0,2025-09-20T03:00,0.0,0.0,0.0,0.0
0,2025-09-20T04:00,0.0,0.0,0.0,0.0
0,2025-09-20T05:00,0.0,0.0,0.0,0.0
0,2025-09-20T06:00,30.0,30.0,25.0,48.3
0,2025-09-20T07:00,124.0,124.0,87.3,162.2
0,2025-09-20T08:00,247.0,247.0,145.8,254.6
0,2025-09-20T09:00,389.0,389.0,188.8,368.9
0,2025-09-20T10:00,528.0,528.0,210.7,486.7
0,2025-09-20T11:00,636.0,636.0,213.6,588.8
0,2025-09-20T12:00,678.0,678.0,208.2,639.3
0,2025-09-20T13:00,633.0,633.0,204.1,610.1
0,2025-09-20T14:00,509.0,509.0,199.7,495.6
0,2025-09-20T15:00,347.0,347.0,178.1,335.5
0,2025-09-20T16:00,191.0,191.0,127.6,181.5
0,2025-09-20T17:00,71.0,71.0,59.4,67.7
0,2025-09-20T18:00,10.0,10.0,9.8,3.2
0,2025-09-20T19:00,0.0,0.0,0.0,0.0
0,2025-09-20T20:00,0.0,0.0,0.0,0.0
0,2025-09-20T21:00,0.0,0.0,0.0,0.0
0,2025-09-20T22:00,0.0,0.0,0.0,0.0
0,2025-09-20T23:00,0.0,0.0,0.0,0.0
0,2025-09-21T00:00,0.0,0.0,0.0,0.0
0,2025-09-21T01:00,0.0,0.0,0.0,0.0
0,2025-09-21T02:00,0.0,0.0,0.0,0.0
0,2025-09-21T03:00,0.0,0.0,0.0,0.0
0,2025-09-21T04:00,0.0,0.0,0.0,0.0
0,2025-09-21T05:00,0.0,0.0,0.0,0.0
0,2025-09-21T06:00,25.0,25.0,22.1,28.4
0,2025-09-21T07:00,103.0,103.0,80.0,103.3
0,2025-09-21T08:00,198.0,198.0,139.1,149.6
0,2025-09-21T09:00,300.0,300.0,193.9,196.8
0,2025-09-21T10:00,396.0,396.0,238.7,242.8
0,2025-09-21T11:00,465.0,465.0,266.3,278.6
0,2025-09-21T12:00,488.0,488.0,273.0,294.4
0,2025-09-21T13:00,451.0,451.0,259.7,274.1
0,2025-09-21T14:00,361.0,361.0,226.6,217.2
0,2025-09-21T15:00,246.0,246.0,173.9,144.8
0,2025-09-21T16:00,135.0,135.0,108.9,76.1
0,2025-09-21T17:00,49.0,49.0,45.2,22.9
0,2025-09-21T18:00,6.0,6.0,6.0,0.0
0,2025-09-21T19:00,0.0,0.0,0.0,0.0
0,2025-09-21T20:00,0.0,0.0,0.0,0.0
0,2025-09-21T21:00,0.0,0.0,0.0,0.0
0,2025-09-21T22:00,0.0,0.0,0.0,0.0
0,2025-09-21T23:00,0.0,0.0,0.0,0.0
0,2025-09-22T00:00,0.0,0.0,0.0,0.0
0,2025-09-22T01:00,0.0,0.0,0.0,0.0
0,2025-09-22T02:00,0.0,0.0,0.0,0.0
0,2025-09-22T03:00,0.0,0.0,0.0,0.0
0,2025-09-22T04:00,0.0,0.0,0.0,0.0
0,2025-09-22T05:00,0.0,0.0,0.0,0.0
0,2025-09-22T06:00,23.0,23.0,20.7,22.9
0,2025-09-22T07:00,97.0,97.0,77.1,91.1
0,2025-09-22T08:00,187.0,187.0,135.5,132.0
0,2025-09-22T09:00,281.0,281.0,190.5,169.1
0,2025-09-22T10:00,368.0,368.0,237.0,203.4
0,2025-09-22T11:00,428.0,428.0,267.1,227.0
0,2025-09-22T12:00,446.0,446.0,275.1,235.5
0,2025-09-22T13:00,410.0,410.0,259.8,216.7
0,2025-09-22T14:00,325.0,325.0,221.9,167.9
0,2025-09-22T15:00,218.0,218.0,164.8,108.0
0,2025-09-22T16:00,117.0,117.0,98.8,53.7
0,2025-09-22T17:00,41.0,41.0,38.9,13.0
0,2025-09-22T18:00,5.0,5.0,5.0,0.0
0,2025-09-22T19:00,0.0,0.0,0.0,0.0
0,2025-09-22T20:00,0.0,0.0,0.0,0.0
0,2025-09-22T21:00,0.0,0.0,0.0,0.0
0,2025-09-22T22:00,0.0,0.0,0.0,0.0
0,2025-09-22T23:00,0.0,0.0,0.0,0.0
0,2025-09-23T00:00,0.0,0.0,0.0,0.0
0,2025-09-23T01:00,0.0,0.0,0.0,0.0
0,2025-09-23T02:00,0.0,0.0,0.0,0.0
0,2025-09-23T03:00,0.0,0.0,0.0,0.0
0,2025-09-23T04:00,0.0,0.0,0.0,0.0
0,2025-09-23T05:00,0.0,0.0,0.0,0.0
0,2025-09-23T06:00,8.0,8.0,8.0,0.0
0,2025-09-23T07:00,31.0,31.0,30.5,2.2
0,2025-09-23T08:00,62.0,62.0,59.2,7.1
0,2025-09-23T09:00,97.0,97.0,92.2,9.0
0,2025-09-23T10:00,130.0,130.0,124.3,9.0
0,2025-09-23T11:00,154.0,154.0,147.9,8.6
0,2025-09-23T12:00,161.0,161.0,154.8,8.6
0,2025-09-23T13:00,146.0,146.0,140.2,8.4
0,2025-09-23T14:00,112.0,112.0,107.5,7.4
0,2025-09-23T15:00,70.0,70.0,67.4,5.3
0,2025-09-23T16:00,33.0,33.0,32.3,2.1
0,2025-09-23T17:00,9.0,9.0,9.0,0.0
0,2025-09-23T18:00,1.0,1.0,1.0,0.0
0,2025-09-23T19:00,0.0,0.0,0.0,0.0
0,2025-09-23T20:00,0.0,0.0,0.0,0.0
0,2025-09-23T21:00,0.0,0.0,0.0,0.0
0,2025-09-23T22:00,0.0,0.0,0.0,0.0
0,2025-09-23T23:00,0.0,0.0,0.0,0.0
1,2025-09-09T00:00,0.0,0.0,0.0,0.0
1,2025-09-09T01:00,0.0,0.0,0.0,0.0
1,2025-09-09T02:00,0.0,0.0,0.0,0.0
1,2025-09-09T03:00,0.0,0.0,0.0,0.0
1,2025-09-09T04:00,0.0,0.0,0.0,0.0
1,2025-09-09T05:00,0.0,0.0,0.0,0.0
1,2025-09-09T06:00,19.0,19.0,18.0,10.4
1,2025-09-09T07:00,87.0,87.0,73.3,59.3
1,2025-09-09T08:00,188.0,188.0,142.6,106.1
1,2025-09-09T09:00,310.0,310.0,215.1,158.3
1,2025-09-09T10:00,438.0,438.0,280.0,215.1
1,2025-09-09T11:00,545.0,545.0,324.5,268.0
1,2025-09-09T12:00,602.0,602.0,340.6,304.5
1,2025-09-09T13:00,585.0,585.0,329.5,304.2
1,2025-09-09T14:00,498.0,498.0,294.3,265.5
1,2025-09-09T15:00,370.0,370.0,238.0,204.5
1,2025-09-09T16:00,234.0,234.0,167.7,136.9
1,2025-09-09T17:00,117.0,117.0,94.7,76.1
1,2025-09-09T18:00,29.0,29.0,27.1,14.4
1,2025-09-09T19:00,0.0,0.0,0.0,0.0
1,2025-09-09T20:00,0.0,0.0,0.0,0.0
1,2025-09-09T21:00,0.0,0.0,0.0,0.0
1,2025-09-09T22:00,0.0,0.0,0.0,0.0
1,2025-09-09T23:00,0.0,0.0,0.0,0.0
1,2025-09-10T00:00,0.0,0.0,0.0,0.0
1,2025-09-10T01:00,0.0,0.0,0.0,0.0
1,2025-09-10T02:00,0.0,0.0,0.0,0.0
1,2025-09-10T03:00,0.0,0.0,0.0,0.0
1,2025-09-10T04:00,0.0,0.0,0.0,0.0
1,2025-09-10T05:00,0.0,0.0,0.0,0.0
1,2025-09-10T06:00,15.0,15.0,14.8,2.3
1,2025-09-10T07:00,66.0,66.0,59.8,27.0
1,2025-09-10T08:00,144.0,144.0,121.7,52.5
1,2025-09-10T09:00,239.0,239.0,192.8,77.4
1,2025-09-10T10:00,339.0,339.0,263.7,102.9
1,2025-09-10T11:00,423.0,423.0,318.5,127.4
1,2025-09-10T12:00,464.0,464.0,342.6,142.0
1,2025-09-10T13:00,446.0,446.0,330.3,138.4
1,2025-09-10T14:00,371.0,371.0,283.6,114.5
1,2025-09-10T15:00,266.0,266.0,213.3,82.2
1,2025-09-10T16:00,159.0,159.0,135.4,49.2
1,2025-09-10T17:00,73.0,73.0,66.9,21.1
1,2025-09-10T18:00,16.0,16.0,16.0,0.0
1,2025-09-10T19:00,0.0,0.0,0.0,0.0
1,2025-09-10T20:00,0.0,0.0,0.0,0.0
1,2025-09-10T21:00,0.0,0.0,0.0,0.0
1,2025-09-10T22:00,0.0,0.0,0.0,0.0
1,2025-09-10T23:00,0.0,0.0,0.0,0.0
1,2025-09-11T00:00,0.0,0.0,0.0,0.0
1,2025-09-11T01:00,0.0,0.0,0.0,0.0
1,2025-09-11T02:00,0.0,0.0,0.0,0.0
1,2025-09-11T03:00,0.0,0.0,0.0,0.0
1,2025-09-11T04:00,0.0,0.0,0.0,0.0
1,2025-09-11T05:00,0.0,0.0,0.0,0.0
1,2025-09-11T06:00,11.0,11.0,11.0,0.0
1,2025-09-11T07:00,52.0,52.0,49.0,13.2
1,2025-09-11T08:00,110.0,110.0,99.2,25.6
1,2025-09-11T09:00,179.0,179.0,158.9,33.8
1,2025-09-11T10:00,249.0,249.0,220.7,38.9
1,2025-09-11T11:00,305.0,305.0,270.0,42.8
1,2025-09-11T12:00,331.0,331.0,292.3,45.4
1,2025-09-11T13:00,314.0,314.0,278.4,42.7
1,2025-09-11T14:00,257.0,257.0,230.4,35.0
1,2025-09-11T15:00,180.0,180.0,163.6,25.8
1,2025-09-11T16:00,104.0,104.0,96.5,15.8
1,2025-09-11T17:00,45.0,45.0,43.5,5.4
1,2025-09-11T18:00,9.0,9.0,9.0,0.0
1,2025-09-11T19:00,0.0,0.0,0.0,0.0
1,2025-09-11T20:00,0.0,0.0,0.0,0.0
1,2025-09-11T21:00,0.0,0.0,0.0,0.0
1,2025-09-11T22:00,0.0,0.0,0.0,0.0
1,2025-09-11T23:00,0.0,0.0,0.0,0.0
1,2025-09-12T00:00,0.0,0.0,0.0,0.0
1,2025-09-12T01:00,0.0,0.0,0.0,0.0
1,2025-09-12T02:00,0.0,0.0,0.0,0.0
1,2025-09-12T03:00,0.0,0.0,0.0,0.0
1,2025-09-12T04:00,0.0,0.0,0.0,0.0
1,2025-09-12T05:00,0.0,0.0,0.0,0.0
1,2025-09-12T06:00,8.0,8.0,8.0,0.0
1,2025-09-12T07:00,41.0,41.0,39.6,6.1
1,2025-09-12T08:00,96.0,96.0,88.4,18.0
1,2025-09-12T09:00,169.0,169.0,151.9,29.0
1,2025-09-12T10:00,250.0,250.0,220.8,40.2
1,2025-09-12T11:00,322.0,322.0,278.7,53.2
1,2025-09-12T12:00,361.0,361.0,307.0,63.6
1,2025-09-12T13:00,353.0,353.0,297.8,66.7
1,2025-09-12T14:00,299.0,299.0,253.5,60.3
1,2025-09-12T15:00,219.0,219.0,188.3,48.6
1,2025-09-12T16:00,136.0,136.0,120.1,33.9
1,2025-09-12T17:00,64.0,64.0,59.7,15.6
1,2025-09-12T18:00,15.0,15.0,15.0,0.0
1,2025-09-12T19:00,0.0,0.0,0.0,0.0
1,2025-09-12T20:00,0.0,0.0,0.0,0.0
1,2025-09-12T21:00,0.0,0.0,0.0,0.0
1,2025-09-12T22:00,0.0,0.0,0.0,0.0
1,2025-09-12T23:00,0.0,0.0,0.0,0.0
1,2025-09-13T00:00,0.0,0.0,0.0,0.0
1,2025-09-13T01:00,0.0,0.0,0.0,0.0
1,2025-09-13T02:00,0.0,0.0,0.0,0.0
1,2025-09-13T03:00,0.0,0.0,0.0,0.0
1,2025-09-13T04:00,0.0,0.0,0.0,0.0
1,2025-09-13T05:00,0.0,0.0,0.0,0.0
1,2025-09-13T06:00,14.0,14.0,13.8,2.0
1,2025-09-13T07:00,69.0,69.0,61.6,33.6
1,2025-09-13T08:00,149.0,149.0,123.7,60.5
1,2025-09-13T09:00,244.0,244.0,193.4,85.9
1,2025-09-13T10:00,341.0,341.0,261.6,109.8
1,2025-09-13T11:00,420.0,420.0,313.9,130.9
1,2025-09-13T12:00,459.0,459.0,336.8,144.6
1,2025-09-13T13:00,440.0,440.0,324.0,140.6
1,2025-09-13T14:00,367.0,367.0,278.1,118.4
1,2025-09-13T15:00,264.0,264.0,209.5,86.7
1,2025-09-13T16:00,159.0,159.0,134.0,53.7
1,2025-09-13T17:00,73.0,73.0,66.5,23.9
1,2025-09-13T18:00,16.0,16.0,16.0,0.0
1,2025-09-13T19:00,0.0,0.0,0.0,0.0
1,2025-09-13T20:00,0.0,0.0,0.0,0.0
1,2025-09-13T21:00,0.0,0.0,0.0,0.0
1,2025-09-13T22:00,0.0,0.0,0.0,0.0
1,2025-09-13T23:00,0.0,0.0,0.0,0.0
1,2025-09-14T00:00,0.0,0.0,0.0,0.0
1,2025-09-14T01:00,0.0,0.0,0.0,0.0
1,2025-09-14T02:00,0.0,0.0,0.0,0.0
1,2025-09-14T03:00,0.0,0.0,0.0,0.0
1,2025-09-14T04:00,0.0,0.0,0.0,0.0
1,2025-09-14T05:00,0.0,0.0,0.0,0.0
1,2025-09-14T06:00,20.0,20.0,18.1,19.9
1,2025-09-14T07:00,98.0,98.0,77.3,95.0
1,2025-09-14T08:00,216.0,216.0,147.6,164.7
1,2025-09-14T09:00,360.0,360.0,212.9,250.9
1,2025-09-14T10:00,509.0,509.0,262.2,342.7
1,2025-09-14T11:00,634.0,634.0,288.4,428.2
1,2025-09-14T12:00,697.0,697.0,293.5,479.6
1,2025-09-14T13:00,672.0,672.0,285.0,471.5
1,2025-09-14T14:00,563.0,563.0,265.1,399.2
1,2025-09-14T15:00,409.0,409.0,225.5,294.3
1,2025-09-14T16:00,249.0,249.0,164.5,183.5
1,2025-09-14T17:00,115.0,115.0,90.9,89.8
1,2025-09-14T18:00,26.0,26.0,24.2,15.1
1,2025-09-14T19:00,0.0,0.0,0.0,0.0
1,2025-09-14T20:00,0.0,0.0,0.0,0.0
1,2025-09-14T21:00,0.0,0.0,0.0,0.0
1,2025-09-14T22:00,0.0,0.0,0.0,0.0
1,2025-09-14T23:00,0.0,0.0,0.0,0.0
1,2025-09-15T00:00,0.0,0.0,0.0,0.0
1,2025-09-15T01:00,0.0,0.0,0.0,0.0
1,2025-09-15T02:00,0.0,0.0,0.0,0.0
1,2025-09-15T03:00,0.0,0.0,0.0,0.0
1,2025-09-15T04:00,0.0,0.0,0.0,0.0
1,2025-09-15T05:00,0.0,0.0,0.0,0.0
1,2025-09-15T06:00,18.0,18.0,16.7,14.0
1,2025-09-15T07:00,86.0,86.0,71.4,67.9
1,2025-09-15T08:00,187.0,187.0,139.6,115.0
1,2025-09-15T09:00,305.0,305.0,209.1,164.3
1,2025-09-15T10:00,424.0,424.0,271.4,212.8
1,2025-09-15T11:00,520.0,520.0,315.0,255.0
1,2025-09-15T12:00,565.0,565.0,332.0,278.1
1,2025-09-15T13:00,539.0,539.0,321.2,266.7
1,2025-09-15T14:00,446.0,446.0,283.8,218.5
1,2025-09-15T15:00,318.0,318.0,222.6,154.2
1,2025-09-15T16:00,188.0,188.0,147.0,90.0
1,2025-09-15T17:00,83.0,83.0,73.1,37.8
1,2025-09-15T18:00,18.0,18.0,17.8,1.5
1,2025-09-15T19:00,0.0,0.0,0.0,0.0
1,2025-09-15T20:00,0.0,0.0,0.0,0.0
1,2025-09-15T21:00,0.0,0.0,0.0,0.0
1,2025-09-15T22:00,0.0,0.0,0.0,0.0
1,2025-09-15T23:00,0.0,0.0,0.0,0.0
1,2025-09-16T00:00,0.0,0.0,0.0,0.0
1,2025-09-16T01:00,0.0,0.0,0.0,0.0
1,2025-09-16T02:00,0.0,0.0,0.0,0.0
1,2025-09-16T03:00,0.0,0.0,0.0,0.0
1,2025-09-16T04:00,0.0,0.0,0.0,0.0
1,2025-09-16T05:00,0.0,0.0,0.0,0.0
1,2025-09-16T06:00,15.0,15.0,14.4,6.1
1,2025-09-16T07:00,76.0,76.0,65.6,48.9
1,2025-09-16T08:00,163.0,163.0,129.8,81.1
1,2025-09-16T09:00,264.0,264.0,198.8,112.3
1,2025-09-16T10:00,364.0,364.0,264.2,139.7
1,2025-09-16T11:00,443.0,443.0,313.2,162.2
1,2025-09-16T12:00,478.0,478.0,333.6,173.1
1,2025-09-16T13:00,453.0,453.0,320.3,163.3
1,2025-09-16T14:00,372.0,372.0,274.7,131.9
1,2025-09-16T15:00,262.0,262.0,205.7,91.6
1,2025-09-16T16:00,152.0,152.0,128.6,52.0
1,2025-09-16T17:00,65.0,65.0,60.0,19.4
1,2025-09-16T18:00,13.0,13.0,13.0,0.0
1,2025-09-16T19:00,0.0,0.0,0.0,0.0
1,2025-09-16T20:00,0.0,0.0,0.0,0.0
1,2025-09-16T21:00,0.0,0.0,0.0,0.0
1,2025-09-16T22:00,0.0,0.0,0.0,0.0
1,2025-09-16T23:00,0.0,0.0,0.0,0.0
1,2025-09-17T00:00,0.0,0.0,0.0,0.0
1,2025-09-17T01:00,0.0,0.0,0.0,0.0
1,2025-09-17T02:00,0.0,0.0,0.0,0.0
1,2025-09-17T03:00,0.0,0.0,0.0,0.0
1,2025-09-17T04:00,0.0,0.0,0.0,0.0
1,2025-09-17T05:00,0.0,0.0,0.0,0.0
1,2025-09-17T06:00,15.0,15.0,14.4,7.0
1,2025-09-17T07:00,76.0,76.0,65.4,50.5
1,2025-09-17T08:00,172.0,172.0,133.2,95.3
1,2025-09-17T09:00,289.0,289.0,204.5,146.2
1,2025-09-17T10:00,412.0,412.0,268.3,202.1
1,2025-09-17T11:00,514.0,514.0,311.4,254.2
1,2025-09-17T12:00,567.0,567.0,326.3,289.8
1,2025-09-17T13:00,547.0,547.0,314.4,287.6
1,2025-09-17T14:00,458.0,458.0,278.6,244.7
1,2025-09-17T15:00,332.0,332.0,221.3,181.7
1,2025-09-17T16:00,201.0,201.0,150.2,114.1
1,2025-09-17T17:00,91.0,91.0,77.3,54.1
1,2025-09-17T18:00,20.0,20.0,19.3,6.2
1,2025-09-17T19:00,0.0,0.0,0.0,0.0
1,2025-09-17T20:00,0.0,0.0,0.0,0.0
1,2025-09-17T21:00,0.0,0.0,0.0,0.0
1,2025-09-17T22:00,0.0,0.0,0.0,0.0
1,2025-09-17T23:00,0.0,0.0,0.0,0.0
1,2025-09-18T00:00,0.0,0.0,0.0,0.0
1,2025-09-18T01:00,0.0,0.0,0.0,0.0
1,2025-09-18T02:00,0.0,0.0,0.0,0.0
1,2025-09-18T03:00,0.0,0.0,0.0,0.0
1,2025-09-18T04:00,0.0,0.0,0.0,0.0
1,2025-09-18T05:00,0.0,0.0,0.0,0.0
1,2025-09-18T06:00,18.0,18.0,16.4,18.7
1,2025-09-18T07:00,93.0,93.0,73.8,92.5
1,2025-09-18T08:00,205.0,205.0,142.9,153.6
1,2025-09-18T09:00,335.0,335.0,208.6,219.8
1,2025-09-18T10:00,467.0,467.0,263.0,288.1
1,2025-09-18T11:00,571.0,571.0,298.1,343.7
1,2025-09-18T12:00,619.0,619.0,310.2,373.5
1,2025-09-18T13:00,587.0,587.0,302.1,354.1
1,2025-09-18T14:00,480.0,480.0,273.5,283.2
1,2025-09-18T15:00,336.0,336.0,219.9,192.0
1,2025-09-18T16:00,193.0,193.0,146.6,105.4
1,2025-09-18T17:00,81.0,81.0,70.9,40.7
1,2025-09-18T18:00,15.0,15.0,15.0,0.0
1,2025-09-18T19:00,0.0,0.0,0.0,0.0
1,2025-09-18T20:00,0.0,0.0,0.0,0.0
1,2025-09-18T21:00,0.0,0.0,0.0,0.0
1,2025-09-18T22:00,0.0,0.0,0.0,0.0
1,2025-09-18T23:00,0.0,0.0,0.0,0.0
1,2025-09-19T00:00,0.0,0.0,0.0,0.0
1,2025-09-19T01:00,0.0,0.0,0.0,0.0
1,2025-09-19T02:00,0.0,0.0,0.0,0.0
1,2025-09-19T03:00,0.0,0.0,0.0,0.0
1,2025-09-19T04:00,0.0,0.0,0.0,0.0
1,2025-09-19T05:00,0.0,0.0,0.0,0.0
1,2025-09-19T06:00,8.0,8.0,8.0,0.0
1,2025-09-19T07:00,43.0,43.0,41.2,8.6
1,2025-09-19T08:00,106.0,106.0,95.3,26.6
1,2025-09-19T09:00,188.0,188.0,162.3,44.9
1,2025-09-19T10:00,281.0,281.0,233.6,67.2
1,2025-09-19T11:00,362.0,362.0,290.0,91.1
1,2025-09-19T12:00,407.0,407.0,315.9,110.7
1,2025-09-19T13:00,399.0,399.0,305.0,117.4
1,2025-09-19T14:00,340.0,340.0,261.8,108.0
1,2025-09-19T15:00,251.0,251.0,198.4,87.7
1,2025-09-19T16:00,156.0,156.0,129.3,61.2
1,2025-09-19T17:00,72.0,72.0,64.6,30.3
1,2025-09-19T18:00,16.0,16.0,15.8,1.4
1,2025-09-19T19:00,0.0,0.0,0.0,0.0
1,2025-09-19T20:00,0.0,0.0,0.0,0.0
1,2025-09-19T21:00,0.0,0.0,0.0,0.0
1,2025-09-19T22:00,0.0,0.0,0.0,0.0
1,2025-09-19T23:00,0.0,0.0,0.0,0.0
1,2025-09-20T00:00,0.0,0.0,0.0,0.0
1,2025-09-20T01:00,0.0,0.0,0.0,0.0
1,2025-09-20T02:00,0.0,0.0,0.0,0.0
1,2025-09-20T03:00,0.0,0.0,0.0,0.0
1,2025-09-20T04:00,0.0,0.0,0.0,0.0
1,2025-09-20T05:00,0.0,0.0,0.0,0.0
1,2025-09-20T06:00,20.0,20.0,17.2,33.0
1,2025-09-20T07:00,105.0,105.0,77.5,136.6
1,2025-09-20T08:00,230.0,230.0,145.3,212.5
1,2025-09-20T09:00,370.0,370.0,204.4,291.0
1,2025-09-20T10:00,508.0,508.0,250.3,367.4
1,2025-09-20T11:00,616.0,616.0,278.1,429.4
1,2025-09-20T12:00,665.0,665.0,286.6,461.9
1,2025-09-20T13:00,633.0,633.0,279.6,443.7
1,2025-09-20T14:00,525.0,525.0,257.9,370.9
1,2025-09-20T15:00,377.0,377.0,215.6,271.1
1,2025-09-20T16:00,225.0,225.0,153.1,167.1
1,2025-09-20T17:00,99.0,99.0,80.1,79.6
1,2025-09-20T18:00,20.0,20.0,18.9,10.4
1,2025-09-20T19:00,0.0,0.0,0.0,0.0
1,2025-09-20T20:00,0.0,0.0,0.0,0.0
1,2025-09-20T21:00,0.0,0.0,0.0,0.0
1,2025-09-20T22:00,0.0,0.0,0.0,0.0
1,2025-09-20T23:00,0.0,0.0,0.0,0.0
1,2025-09-21T00:00,0.0,0.0,0.0,0.0
1,2025-09-21T01:00,0.0,0.0,0.0,0.0
1,2025-09-21T02:00,0.0,0.0,0.0,0.0
1,2025-09-21T03:00,0.0,0.0,0.0,0.0
1,2025-09-21T04:00,0.0,0.0,0.0,0.0
1,2025-09-21T05:00,0.0,0.0,0.0,0.0
1,2025-09-21T06:00,17.0,17.0,15.3,20.1
1,2025-09-21T07:00,93.0,93.0,72.7,101.8
1,2025-09-21T08:00,204.0,204.0,140.8,159.6
1,2025-09-21T09:00,330.0,330.0,205.1,220.6
1,2025-09-21T10:00,454.0,454.0,259.4,278.7
1,2025-09-21T11:00,551.0,551.0,295.5,326.2
1,2025-09-21T12:00,596.0,596.0,307.9,353.4
1,2025-09-21T13:00,567.0,567.0,298.1,339.4
1,2025-09-21T14:00,471.0,471.0,266.9,285.2
1,2025-09-21T15:00,338.0,338.0,214.7,208.9
1,2025-09-21T16:00,202.0,202.0,146.7,130.0
1,2025-09-21T17:00,89.0,89.0,74.6,62.3
1,2025-09-21T18:00,18.0,18.0,17.3,7.1
1,2025-09-21T19:00,0.0,0.0,0.0,0.0
1,2025-09-21T20:00,0.0,0.0,0.0,0.0
1,2025-09-21T21:00,0.0,0.0,0.0,0.0
1,2025-09-21T22:00,0.0,0.0,0.0,0.0
1,2025-09-21T23:00,0.0,0.0,0.0,0.0
1,2025-09-22T00:00,0.0,0.0,0.0,0.0
1,2025-09-22T01:00,0.0,0.0,0.0,0.0
1,2025-09-22T02:00,0.0,0.0,0.0,0.0
1,2025-09-22T03:00,0.0,0.0,0.0,0.0
1,2025-09-22T04:00,0.0,0.0,0.0,0.0
1,2025-09-22T05:00,0.0,0.0,0.0,0.0
1,2025-09-22T06:00,18.0,18.0,15.7,27.5
1,2025-09-22T07:00,93.0,93.0,72.4,105.2
1,2025-09-22T08:00,198.0,198.0,138.9,150.4
1,2025-09-22T09:00,306.0,306.0,202.5,183.7
1,2025-09-22T10:00,405.0,405.0,260.6,207.7
1,2025-09-22T11:00,475.0,475.0,303.6,219.7
1,2025-09-22T12:00,498.0,498.0,321.3,217.7
1,2025-09-22T13:00,459.0,459.0,308.1,191.4
1,2025-09-22T14:00,364.0,364.0,263.1,141.9
1,2025-09-22T15:00,243.0,243.0,192.3,86.6
1,2025-09-22T16:00,130.0,130.0,112.8,40.9
1,2025-09-22T17:00,48.0,48.0,45.7,10.0
1,2025-09-22T18:00,7.0,7.0,7.0,0.0
1,2025-09-22T19:00,0.0,0.0,0.0,0.0
1,2025-09-22T20:00,0.0,0.0,0.0,0.0
1,2025-09-22T21:00,0.0,0.0,0.0,0.0
1,2025-09-22T22:00,0.0,0.0,0.0,0.0
1,2025-09-22T23:00,0.0,0.0,0.0,0.0
1,2025-09-23T00:00,0.0,0.0,0.0,0.0
1,2025-09-23T01:00,0.0,0.0,0.0,0.0
1,2025-09-23T02:00,0.0,0.0,0.0,0.0
1,2025-09-23T03:00,0.0,0.0,0.0,0.0
1,2025-09-23T04:00,0.0,0.0,0.0,0.0
1,2025-09-23T05:00,0.0,0.0,0.0,0.0
1,2025-09-23T06:00,4.0,4.0,4.0,0.0
1,2025-09-23T07:00,23.0,23.0,23.0,0.2
1,2025-09-23T08:00,60.0,60.0,57.5,6.5
1,2025-09-23T09:00,111.0,111.0,105.1,10.6
1,2025-09-23T10:00,169.0,169.0,159.6,13.7
1,2025-09-23T11:00,218.0,218.0,205.3,16.4
1,2025-09-23T12:00,241.0,241.0,226.1,18.5
1,2025-09-23T13:00,227.0,227.0,212.9,18.0
1,2025-09-23T14:00,177.0,177.0,167.0,14.1
1,2025-09-23T15:00,112.0,112.0,106.6,9.3
1,2025-09-23T16:00,53.0,53.0,51.2,4.2
1,2025-09-23T17:00,14.0,14.0,14.0,0.0
1,2025-09-23T18:00,1.0,1.0,1.0,0.0
1,2025-09-23T19:00,0.0,0.0,0.0,0.0
1,2025-09-23T20:00,0.0,0.0,0.0,0.0
1,2025-09-23T21:00,0.0,0.0,0.0,0.0
1,2025-09-23T22:00,0.0,0.0,0.0,0.0
1,2025-09-23T23:00,0.0,0.0,0.0,0.0
2,2025-09-09T00:00,0.0,0.0,0.0,0.0
2,2025-09-09T01:00,0.0,0.0,0.0,0.0
2,2025-09-09T02:00,0.0,0.0,0.0,0.0
2,2025-09-09T03:00,0.0,0.0,0.0,0.0
2,2025-09-09T04:00,0.0,0.0,0.0,0.0
2,2025-09-09T05:00,0.0,0.0,0.0,0.0
2,2025-09-09T06:00,21.0,21.0,19.5,14.7
2,2025-09-09T07:00,92.0,92.0,76.3,67.1
2,2025-09-09T08:00,196.0,196.0,145.9,116.3
2,2025-09-09T09:00,321.0,321.0,217.5,171.8
2,2025-09-09T10:00,451.0,451.0,280.7,231.3
2,2025-09-09T11:00,560.0,560.0,322.8,288.0
2,2025-09-09T12:00,616.0,616.0,337.4,324.4
2,2025-09-09T13:00,598.0,598.0,325.9,324.3
2,2025-09-09T14:00,508.0,508.0,291.9,282.4
2,2025-09-09T15:00,377.0,377.0,237.1,217.5
2,2025-09-09T16:00,239.0,239.0,168.2,147.2
2,2025-09-09T17:00,118.0,118.0,94.8,80.0
2,2025-09-09T18:00,29.0,29.0,27.0,15.4
2,2025-09-09T19:00,0.0,0.0,0.0,0.0
2,2025-09-09T20:00,0.0,0.0,0.0,0.0
2,2025-09-09T21:00,0.0,0.0,0.0,0.0
2,2025-09-09T22:00,0.0,0.0,0.0,0.0
2,2025-09-09T23:00,0.0,0.0,0.0,0.0
2,2025-09-10T00:00,0.0,0.0,0.0,0.0
2,2025-09-10T01:00,0.0,0.0,0.0,0.0
2,2025-09-10T02:00,0.0,0.0,0.0,0.0
2,2025-09-10T03:00,0.0,0.0,0.0,0.0
2,2025-09-10T04:00,0.0,0.0,0.0,0.0
2,2025-09-10T05:00,0.0,0.0,0.0,0.0
2,2025-09-10T06:00,15.0,15.0,14.8,1.7
2,2025-09-10T07:00,68.0,68.0,61.4,28.6
2,2025-09-10T08:00,146.0,146.0,123.1,53.4
2,2025-09-10T09:00,241.0,241.0,194.1,78.1
2,2025-09-10T10:00,339.0,339.0,264.3,101.8
2,2025-09-10T11:00,421.0,421.0,318.5,124.8
2,2025-09-10T12:00,461.0,461.0,342.1,139.0
2,2025-09-10T13:00,443.0,443.0,329.4,136.0
2,2025-09-10T14:00,370.0,370.0,282.8,114.6
2,2025-09-10T15:00,266.0,266.0,212.7,83.3
2,2025-09-10T16:00,161.0,161.0,136.3,51.9
2,2025-09-10T17:00,74.0,74.0,67.6,22.5
2,2025-09-10T18:00,17.0,17.0,17.0,0.0
2,2025-09-10T19:00,0.0,0.0,0.0,0.0
2,2025-09-10T20:00,0.0,0.0,0.0,0.0
2,2025-09-10T21:00,0.0,0.0,0.0,0.0
2,2025-09-10T22:00,0.0,0.0,0.0,0.0
2,2025-09-10T23:00,0.0,0.0,0.0,0.0
2,2025-09-11T00:00,0.0,0.0,0.0,0.0
2,2025-09-11T01:00,0.0,0.0,0.0,0.0
2,2025-09-11T02:00,0.0,0.0,0.0,0.0
2,2025-09-11T03:00,0.0,0.0,0.0,0.0
2,2025-09-11T04:00,0.0,0.0,0.0,0.0
2,2025-09-11T05:00,0.0,0.0,0.0,0.0
2,2025-09-11T06:00,12.0,12.0,12.0,0.0
2,2025-09-11T07:00,54.0,54.0,50.7,14.4
2,2025-09-11T08:00,114.0,114.0,102.2,27.7
2,2025-09-11T09:00,185.0,185.0,163.1,36.6
2,2025-09-11T10:00,257.0,257.0,225.8,42.7
2,2025-09-11T11:00,316.0,316.0,276.5,48.4
2,2025-09-11T12:00,344.0,344.0,299.5,52.3
2,2025-09-11T13:00,328.0,328.0,286.1,50.4
2,2025-09-11T14:00,271.0,271.0,238.7,42.6
2,2025-09-11T15:00,192.0,192.0,171.7,32.1
2,2025-09-11T16:00,114.0,114.0,104.2,20.7
2,2025-09-11T17:00,51.0,51.0,48.8,8.0
2,2025-09-11T18:00,11.0,11.0,11.0,0.0
2,2025-09-11T19:00,0.0,0.0,0.0,0.0
2,2025-09-11T20:00,0.0,0.0,0.0,0.0
2,2025-09-11T21:00,0.0,0.0,0.0,0.0
2,2025-09-11T22:00,0.0,0.0,0.0,0.0
2,2025-09-11T23:00,0.0,0.0,0.0,0.0
2,2025-09-12T00:00,0.0,0.0,0.0,0.0
2,2025-09-12T01:00,0.0,0.0,0.0,0.0
2,2025-09-12T02:00,0.0,0.0,0.0,0.0
2,2025-09-12T03:00,0.0,0.0,0.0,0.0
2,2025-09-12T04:00,0.0,0.0,0.0,0.0
2,2025-09-12T05:00,0.0,0.0,0.0,0.0
2,2025-09-12T06:00,9.0,9.0,9.0,0.0
2,2025-09-12T07:00,45.0,45.0,43.2,8.1
2,2025-09-12T08:00,102.0,102.0,93.2,20.8
2,2025-09-12T09:00,178.0,178.0,158.2,33.2
2,2025-09-12T10:00,261.0,261.0,227.6,45.8
2,2025-09-12T11:00,333.0,333.0,284.6,59.4
2,2025-09-12T12:00,373.0,373.0,312.5,71.3
2,2025-09-12T13:00,365.0,365.0,302.8,75.1
2,2025-09-12T14:00,310.0,310.0,258.3,68.6
2,2025-09-12T15:00,229.0,229.0,193.5,56.3
2,2025-09-12T16:00,143.0,143.0,124.5,39.7
2,2025-09-12T17:00,69.0,69.0,63.5,20.0
2,2025-09-12T18:00,16.0,16.0,16.0,0.0
2,2025-09-12T19:00,0.0,0.0,0.0,0.0
2,2025-09-12T20:00,0.0,0.0,0.0,0.0
2,2025-09-12T21:00,0.0,0.0,0.0,0.0
2,2025-09-12T22:00,0.0,0.0,0.0,0.0
2,2025-09-12T23:00,0.0,0.0,0.0,0.0
2,2025-09-13T00:00,0.0,0.0,0.0,0.0
2,2025-09-13T01:00,0.0,0.0,0.0,0.0
2,2025-09-13T02:00,0.0,0.0,0.0,0.0
2,2025-09-13T03:00,0.0,0.0,0.0,0.0
2,2025-09-13T04:00,0.0,0.0,0.0,0.0
2,2025-09-13T05:00,0.0,0.0,0.0,0.0
2,2025-09-13T06:00,16.0,16.0,15.5,5.1
2,2025-09-13T07:00,75.0,75.0,65.7,41.5
2,2025-09-13T08:00,161.0,161.0,130.2,73.2
2,2025-09-13T09:00,262.0,262.0,200.7,103.6
2,2025-09-13T10:00,366.0,366.0,268.6,134.3
2,2025-09-13T11:00,451.0,451.0,319.4,162.2
2,2025-09-13T12:00,492.0,492.0,340.5,179.2
2,2025-09-13T13:00,471.0,471.0,327.6,174.1
2,2025-09-13T14:00,392.0,392.0,282.9,145.6
2,2025-09-13T15:00,282.0,282.0,215.5,106.3
2,2025-09-13T16:00,170.0,170.0,139.6,65.7
2,2025-09-13T17:00,78.0,78.0,70.0,29.8
2,2025-09-13T18:00,17.0,17.0,17.0,0.0
2,2025-09-13T19:00,0.0,0.0,0.0,0.0
2,2025-09-13T20:00,0.0,0.0,0.0,0.0
2,2025-09-13T21:00,0.0,0.0,0.0,0.0
2,2025-09-13T22:00,0.0,0.0,0.0,0.0
2,2025-09-13T23:00,0.0,0.0,0.0,0.0
2,2025-09-14T00:00,0.0,0.0,0.0,0.0
2,2025-09-14T01:00,0.0,0.0,0.0,0.0
2,2025-09-14T02:00,0.0,0.0,0.0,0.0
2,2025-09-14T03:00,0.0,0.0,0.0,0.0
2,2025-09-14T04:00,0.0,0.0,0.0,0.0
2,2025-09-14T05:00,0.0,0.0,0.0,0.0
2,2025-09-14T06:00,21.0,21.0,18.9,21.6
2,2025-09-14T07:00,99.0,99.0,78.2,94.1
2,2025-09-14T08:00,218.0,218.0,148.8,165.6
2,2025-09-14T09:00,362.0,362.0,213.9,251.5
2,2025-09-14T10:00,513.0,513.0,262.5,347.0
2,2025-09-14T11:00,638.0,638.0,287.7,433.4
2,2025-09-14T12:00,702.0,702.0,291.4,487.9
2,2025-09-14T13:00,675.0,675.0,283.0,478.1
2,2025-09-14T14:00,565.0,565.0,263.2,405.3
2,2025-09-14T15:00,408.0,408.0,224.4,295.6
2,2025-09-14T16:00,247.0,247.0,163.5,182.7
2,2025-09-14T17:00,113.0,113.0,89.7,88.2
2,2025-09-14T18:00,25.0,25.0,23.4,13.8
2,2025-09-14T19:00,0.0,0.0,0.0,0.0
2,2025-09-14T20:00,0.0,0.0,0.0,0.0
2,2025-09-14T21:00,0.0,0.0,0.0,0.0
2,2025-09-14T22:00,0.0,0.0,0.0,0.0
2,2025-09-14T23:00,0.0,0.0,0.0,0.0
2,2025-09-15T00:00,0.0,0.0,0.0,0.0
2,2025-09-15T01:00,0.0,0.0,0.0,0.0
2,2025-09-15T02:00,0.0,0.0,0.0,0.0
2,2025-09-15T03:00,0.0,0.0,0.0,0.0
2,2025-09-15T04:00,0.0,0.0,0.0,0.0
2,2025-09-15T05:00,0.0,0.0,0.0,0.0
2,2025-09-15T06:00,19.0,19.0,17.5,15.7
2,2025-09-15T07:00,88.0,88.0,72.8,69.7
2,2025-09-15T08:00,191.0,191.0,141.4,119.3
2,2025-09-15T09:00,311.0,311.0,210.8,171.0
2,2025-09-15T10:00,433.0,433.0,272.2,223.7
2,2025-09-15T11:00,532.0,532.0,314.1,270.7
2,2025-09-15T12:00,578.0,578.0,329.7,296.3
2,2025-09-15T13:00,552.0,552.0,318.6,286.1
2,2025-09-15T14:00,457.0,457.0,282.5,235.7
2,2025-09-15T15:00,326.0,326.0,223.0,167.1
2,2025-09-15T16:00,194.0,194.0,148.9,99.7
2,2025-09-15T17:00,86.0,86.0,74.8,43.2
2,2025-09-15T18:00,18.0,18.0,17.8,1.9
2,2025-09-15T19:00,0.0,0.0,0.0,0.0
2,2025-09-15T20:00,0.0,0.0,0.0,0.0
2,2025-09-15T21:00,0.0,0.0,0.0,0.0
2,2025-09-15T22:00,0.0,0.0,0.0,0.0
2,2025-09-15T23:00,0.0,0.0,0.0,0.0
2,2025-09-16T00:00,0.0,0.0,0.0,0.0
2,2025-09-16T01:00,0.0,0.0,0.0,0.0
2,2025-09-16T02:00,0.0,0.0,0.0,0.0
2,2025-09-16T03:00,0.0,0.0,0.0,0.0
2,2025-09-16T04:00,0.0,0.0,0.0,0.0
2,2025-09-16T05:00,0.0,0.0,0.0,0.0
2,2025-09-16T06:00,16.0,16.0,15.3,7.5
2,2025-09-16T07:00,76.0,76.0,65.8,47.1
2,2025-09-16T08:00,164.0,164.0,130.6,80.8
2,2025-09-16T09:00,264.0,264.0,199.4,110.8
2,2025-09-16T10:00,366.0,366.0,265.3,140.7
2,2025-09-16T11:00,446.0,446.0,314.0,164.7
2,2025-09-16T12:00,482.0,482.0,334.0,177.4
2,2025-09-16T13:00,458.0,458.0,320.4,169.5
2,2025-09-16T14:00,376.0,376.0,274.9,137.4
2,2025-09-16T15:00,265.0,265.0,206.3,95.9
2,2025-09-16T16:00,154.0,154.0,129.4,54.9
2,2025-09-16T17:00,66.0,66.0,60.7,20.9
2,2025-09-16T18:00,13.0,13.0,13.0,0.0
2,2025-09-16T19:00,0.0,0.0,0.0,0.0
2,2025-09-16T20:00,0.0,0.0,0.0,0.0
2,2025-09-16T21:00,0.0,0.0,0.0,0.0
2,2025-09-16T22:00,0.0,0.0,0.0,0.0
2,2025-09-16T23:00,0.0,0.0,0.0,0.0
2,2025-09-17T00:00,0.0,0.0,0.0,0.0
2,2025-09-17T01:00,0.0,0.0,0.0,0.0
2,2025-09-17T02:00,0.0,0.0,0.0,0.0
2,2025-09-17T03:00,0.0,0.0,0.0,0.0
2,2025-09-17T04:00,0.0,0.0,0.0,0.0
2,2025-09-17T05:00,0.0,0.0,0.0,0.0
2,2025-09-17T06:00,15.0,15.0,14.5,5.8
2,2025-09-17T07:00,76.0,76.0,65.7,48.5
2,2025-09-17T08:00,172.0,172.0,133.7,93.4
2,2025-09-17T09:00,291.0,291.0,205.7,147.0
2,2025-09-17T10:00,418.0,418.0,269.3,208.6
2,2025-09-17T11:00,525.0,525.0,310.7,268.5
2,2025-09-17T12:00,580.0,580.0,323.7,308.5
2,2025-09-17T13:00,560.0,560.0,311.3,307.9
2,2025-09-17T14:00,469.0,469.0,276.6,263.0
2,2025-09-17T15:00,339.0,339.0,221.0,194.4
2,2025-09-17T16:00,205.0,205.0,150.9,122.3
2,2025-09-17T17:00,92.0,92.0,77.6,57.6
2,2025-09-17T18:00,20.0,20.0,19.2,7.0
2,2025-09-17T19:00,0.0,0.0,0.0,0.0
2,2025-09-17T20:00,0.0,0.0,0.0,0.0
2,2025-09-17T21:00,0.0,0.0,0.0,0.0
2,2025-09-17T22:00,0.0,0.0,0.0,0.0
2,2025-09-17T23:00,0.0,0.0,0.0,0.0
2,2025-09-18T00:00,0.0,0.0,0.0,0.0
2,2025-09-18T01:00,0.0,0.0,0.0,0.0
2,2025-09-18T02:00,0.0,0.0,0.0,0.0
2,2025-09-18T03:00,0.0,0.0,0.0,0.0
2,2025-09-18T04:00,0.0,0.0,0.0,0.0
2,2025-09-18T05:00,0.0,0.0,0.0,0.0
2,2025-09-18T06:00,19.0,19.0,17.2,20.5
2,2025-09-18T07:00,96.0,96.0,75.6,97.1
2,2025-09-18T08:00,211.0,211.0,144.9,162.4
2,2025-09-18T09:00,346.0,346.0,209.6,236.1
2,2025-09-18T10:00,481.0,481.0,261.7,309.0
2,2025-09-18T11:00,590.0,590.0,293.4,373.2
2,2025-09-18T12:00,640.0,640.0,303.1,407.4
2,2025-09-18T13:00,607.0,607.0,295.2,387.8
2,2025-09-18T14:00,498.0,498.0,269.3,314.5
2,2025-09-18T15:00,349.0,349.0,219.6,214.8
2,2025-09-18T16:00,201.0,201.0,148.7,119.6
2,2025-09-18T17:00,84.0,84.0,72.6,46.8
2,2025-09-18T18:00,16.0,16.0,15.9,1.2
2,2025-09-18T19:00,0.0,0.0,0.0,0.0
2,2025-09-18T20:00,0.0,0.0,0.0,0.0
2,2025-09-18T21:00,0.0,0.0,0.0,0.0
2,2025-09-18T22:00,0.0,0.0,0.0,0.0
2,2025-09-18T23:00,0.0,0.0,0.0,0.0
2,2025-09-19T00:00,0.0,0.0,0.0,0.0
2,2025-09-19T01:00,0.0,0.0,0.0,0.0
2,2025-09-19T02:00,0.0,0.0,0.0,0.0
2,2025-09-19T03:00,0.0,0.0,0.0,0.0
2,2025-09-19T04:00,0.0,0.0,0.0,0.0
2,2025-09-19T05:00,0.0,0.0,0.0,0.0
2,2025-09-19T06:00,7.0,7.0,7.0,0.0
2,2025-09-19T07:00,40.0,40.0,38.7,6.4
2,2025-09-19T08:00,99.0,99.0,90.2,21.6
2,2025-09-19T09:00,179.0,179.0,157.0,38.3
2,2025-09-19T10:00,270.0,270.0,228.6,58.6
2,2025-09-19T11:00,351.0,351.0,286.2,81.9
2,2025-09-19T12:00,398.0,398.0,313.3,103.0
2,2025-09-19T13:00,391.0,391.0,302.5,110.6
2,2025-09-19T14:00,334.0,334.0,259.4,103.2
2,2025-09-19T15:00,247.0,247.0,196.3,84.9
2,2025-09-19T16:00,154.0,154.0,127.9,60.2
2,2025-09-19T17:00,71.0,71.0,63.8,30.1
2,2025-09-19T18:00,15.0,15.0,14.9,0.5
2,2025-09-19T19:00,0.0,0.0,0.0,0.0
2,2025-09-19T20:00,0.0,0.0,0.0,0.0
2,2025-09-19T21:00,0.0,0.0,0.0,0.0
2,2025-09-19T22:00,0.0,0.0,0.0,0.0
2,2025-09-19T23:00,0.0,0.0,0.0,0.0
2,2025-09-20T00:00,0.0,0.0,0.0,0.0
2,2025-09-20T01:00,0.0,0.0,0.0,0.0
2,2025-09-20T02:00,0.0,0.0,0.0,0.0
2,2025-09-20T03:00,0.0,0.0,0.0,0.0
2,2025-09-20T04:00,0.0,0.0,0.0,0.0
2,2025-09-20T05:00,0.0,0.0,0.0,0.0
2,2025-09-20T06:00,20.0,20.0,17.4,29.5
2,2025-09-20T07:00,104.0,104.0,77.7,128.1
2,2025-09-20T08:00,224.0,224.0,145.5,195.3
2,2025-09-20T09:00,358.0,358.0,206.6,264.8
2,2025-09-20T10:00,489.0,489.0,256.1,331.1
2,2025-09-20T11:00,591.0,591.0,287.6,385.1
2,2025-09-20T12:00,636.0,636.0,298.0,412.5
2,2025-09-20T13:00,605.0,605.0,289.2,396.9
2,2025-09-20T14:00,503.0,503.0,262.5,334.8
2,2025-09-20T15:00,361.0,361.0,215.6,245.3
2,2025-09-20T16:00,217.0,217.0,150.8,154.9
2,2025-09-20T17:00,96.0,96.0,78.3,75.7
2,2025-09-20T18:00,19.0,19.0,18.1,9.0
2,2025-09-20T19:00,0.0,0.0,0.0,0.0
2,2025-09-20T20:00,0.0,0.0,0.0,0.0
2,2025-09-20T21:00,0.0,0.0,0.0,0.0
2,2025-09-20T22:00,0.0,0.0,0.0,0.0
2,2025-09-20T23:00,0.0,0.0,0.0,0.0
2,2025-09-21T00:00,0.0,0.0,0.0,0.0
2,2025-09-21T01:00,0.0,0.0,0.0,0.0
2,2025-09-21T02:00,0.0,0.0,0.0,0.0
2,2025-09-21T03:00,0.0,0.0,0.0,0.0
2,2025-09-21T04:00,0.0,0.0,0.0,0.0
2,2025-09-21T05:00,0.0,0.0,0.0,0.0
2,2025-09-21T06:00,18.0,18.0,16.1,22.0
2,2025-09-21T07:00,95.0,95.0,74.0,103.6
2,2025-09-21T08:00,206.0,206.0,141.9,160.6
2,2025-09-21T09:00,329.0,329.0,206.1,216.2
2,2025-09-21T10:00,450.0,450.0,260.9,270.1
2,2025-09-21T11:00,544.0,544.0,297.8,313.9
2,2025-09-21T12:00,585.0,585.0,311.0,336.1
2,2025-09-21T13:00,556.0,556.0,300.2,323.2
2,2025-09-21T14:00,462.0,462.0,267.2,272.9
2,2025-09-21T15:00,331.0,331.0,213.4,200.0
2,2025-09-21T16:00,198.0,198.0,144.9,125.6
2,2025-09-21T17:00,86.0,86.0,72.6,58.5
2,2025-09-21T18:00,17.0,17.0,16.4,5.8
2,2025-09-21T19:00,0.0,0.0,0.0,0.0
2,2025-09-21T20:00,0.0,0.0,0.0,0.0
2,2025-09-21T21:00,0.0,0.0,0.0,0.0
2,2025-09-21T22:00,0.0,0.0,0.0,0.0
2,2025-09-21T23:00,0.0,0.0,0.0,0.0
2,2025-09-22T00:00,0.0,0.0,0.0,0.0
2,2025-09-22T01:00,0.0,0.0,0.0,0.0
2,2025-09-22T02:00,0.0,0.0,0.0,0.0
2,2025-09-22T03:00,0.0,0.0,0.0,0.0
2,2025-09-22T04:00,0.0,0.0,0.0,0.0
2,2025-09-22T05:00,0.0,0.0,0.0,0.0
2,2025-09-22T06:00,18.0,18.0,16.0,24.3
2,2025-09-22T07:00,94.0,94.0,73.2,104.0
2,2025-09-22T08:00,198.0,198.0,139.5,147.6
2,2025-09-22T09:00,304.0,304.0,203.2,178.3
2,2025-09-22T10:00,400.0,400.0,261.3,199.0
2,2025-09-22T11:00,467.0,467.0,304.3,208.4
2,2025-09-22T12:00,488.0,488.0,321.5,205.1
2,2025-09-22T13:00,449.0,449.0,307.2,180.2
2,2025-09-22T14:00,356.0,356.0,260.9,134.1
2,2025-09-22T15:00,238.0,238.0,189.7,82.7
2,2025-09-22T16:00,127.0,127.0,110.7,39.1
2,2025-09-22T17:00,46.0,46.0,44.0,9.0
2,2025-09-22T18:00,7.0,7.0,7.0,0.0
2,2025-09-22T19:00,0.0,0.0,0.0,0.0
2,2025-09-22T20:00,0.0,0.0,0.0,0.0
2,2025-09-22T21:00,0.0,0.0,0.0,0.0
2,2025-09-22T22:00,0.0,0.0,0.0,0.0
2,2025-09-22T23:00,0.0,0.0,0.0,0.0
2,2025-09-23T00:00,0.0,0.0,0.0,0.0
2,2025-09-23T01:00,0.0,0.0,0.0,0.0
2,2025-09-23T02:00,0.0,0.0,0.0,0.0
2,2025-09-23T03:00,0.0,0.0,0.0,0.0
2,2025-09-23T04:00,0.0,0.0,0.0,0.0
2,2025-09-23T05:00,0.0,0.0,0.0,0.0
2,2025-09-23T06:00,4.0,4.0,4.0,0.0
2,2025-09-23T07:00,23.0,23.0,23.0,0.2
2,2025-09-23T08:00,60.0,60.0,57.5,6.4
2,2025-09-23T09:00,110.0,110.0,104.3,10.2
2,2025-09-23T10:00,166.0,166.0,157.3,12.6
2,2025-09-23T11:00,214.0,214.0,202.3,15.1
2,2025-09-23T12:00,237.0,237.0,223.1,17.2
2,2025-09-23T13:00,223.0,223.0,209.8,16.9
2,2025-09-23T14:00,175.0,175.0,165.3,13.7
2,2025-09-23T15:00,113.0,113.0,107.4,9.7
2,2025-09-23T16:00,55.0,55.0,53.1,4.7
2,2025-09-23T17:00,16.0,16.0,16.0,0.0
2,2025-09-23T18:00,1.0,1.0,1.0,0.0
2,2025-09-23T19:00,0.0,0.0,0.0,0.0
2,2025-09-23T20:00,0.0,0.0,0.0,0.0
2,2025-09-23T21:00,0.0,0.0,0.0,0.0
2,2025-09-23T22:00,0.0,0.0,0.0,0.0
2,2025-09-23T23:00,0.0,0.0,0.0,0.0
3,2025-09-09T00:00,0.0,0.0,0.0,0.0
3,2025-09-09T01:00,0.0,0.0,0.0,0.0
3,2025-09-09T02:00,0.0,0.0,0.0,0.0
3,2025-09-09T03:00,0.0,0.0,0.0,0.0
3,2025-09-09T04:00,0.0,0.0,0.0,0.0
3,2025-09-09T05:00,0.0,0.0,0.0,0.0
3,2025-09-09T06:00,23.0,23.0,21.1,17.8
3,2025-09-09T07:00,100.0,100.0,81.0,78.8
3,2025-09-09T08:00,211.0,211.0,151.7,135.4
3,2025-09-09T09:00,345.0,345.0,222.1,201.9
3,2025-09-09T10:00,485.0,485.0,280.6,275.4
3,2025-09-09T11:00,601.0,601.0,316.5,343.6
3,2025-09-09T12:00,662.0,662.0,325.6,390.5
3,2025-09-09T13:00,641.0,641.0,313.6,390.0
3,2025-09-09T14:00,544.0,544.0,283.4,341.1
3,2025-09-09T15:00,402.0,402.0,234.6,261.6
3,2025-09-09T16:00,253.0,253.0,169.5,175.4
3,2025-09-09T17:00,124.0,124.0,96.7,96.4
3,2025-09-09T18:00,30.0,30.0,27.5,20.0
3,2025-09-09T19:00,0.0,0.0,0.0,0.0
3,2025-09-09T20:00,0.0,0.0,0.0,0.0
3,2025-09-09T21:00,0.0,0.0,0.0,0.0
3,2025-09-09T22:00,0.0,0.0,0.0,0.0
3,2025-09-09T23:00,0.0,0.0,0.0,0.0
3,2025-09-10T00:00,0.0,0.0,0.0,0.0
3,2025-09-10T01:00,0.0,0.0,0.0,0.0
3,2025-09-10T02:00,0.0,0.0,0.0,0.0
3,2025-09-10T03:00,0.0,0.0,0.0,0.0
3,2025-09-10T04:00,0.0,0.0,0.0,0.0
3,2025-09-10T05:00,0.0,0.0,0.0,0.0
3,2025-09-10T06:00,21.0,21.0,19.7,12.9
3,2025-09-10T07:00,91.0,91.0,76.2,62.1
3,2025-09-10T08:00,186.0,186.0,143.1,98.4
3,2025-09-10T09:00,294.0,294.0,213.8,132.3
3,2025-09-10T10:00,403.0,403.0,280.4,165.9
3,2025-09-10T11:00,490.0,490.0,329.2,195.0
3,2025-09-10T12:00,530.0,530.0,348.8,211.2
3,2025-09-10T13:00,507.0,507.0,335.6,205.1
3,2025-09-10T14:00,424.0,424.0,292.0,173.7
3,2025-09-10T15:00,308.0,308.0,225.7,129.4
3,2025-09-10T16:00,189.0,189.0,149.9,83.0
3,2025-09-10T17:00,89.0,89.0,77.8,40.2
3,2025-09-10T18:00,21.0,21.0,20.6,3.6
3,2025-09-10T19:00,0.0,0.0,0.0,0.0
3,2025-09-10T20:00,0.0,0.0,0.0,0.0
3,2025-09-10T21:00,0.0,0.0,0.0,0.0
3,2025-09-10T22:00,0.0,0.0,0.0,0.0
3,2025-09-10T23:00,0.0,0.0,0.0,0.0
3,2025-09-11T00:00,0.0,0.0,0.0,0.0
3,2025-09-11T01:00,0.0,0.0,0.0,0.0
3,2025-09-11T02:00,0.0,0.0,0.0,0.0
3,2025-09-11T03:00,0.0,0.0,0.0,0.0
3,2025-09-11T04:00,0.0,0.0,0.0,0.0
3,2025-09-11T05:00,0.0,0.0,0.0,0.0
3,2025-09-11T06:00,16.0,16.0,15.7,2.5
3,2025-09-11T07:00,67.0,67.0,60.9,26.1
3,2025-09-11T08:00,139.0,139.0,119.3,45.4
3,2025-09-11T09:00,222.0,222.0,185.7,60.2
3,2025-09-11T10:00,305.0,305.0,251.9,72.1
3,2025-09-11T11:00,372.0,372.0,303.8,82.9
3,2025-09-11T12:00,403.0,403.0,326.2,89.8
3,2025-09-11T13:00,385.0,385.0,312.0,87.7
3,2025-09-11T14:00,320.0,320.0,263.5,74.8
3,2025-09-11T15:00,231.0,231.0,194.8,57.4
3,2025-09-11T16:00,139.0,139.0,121.8,36.8
3,2025-09-11T17:00,64.0,64.0,59.6,16.2
3,2025-09-11T18:00,14.0,14.0,14.0,0.0
3,2025-09-11T19:00,0.0,0.0,0.0,0.0
3,2025-09-11T20:00,0.0,0.0,0.0,0.0
3,2025-09-11T21:00,0.0,0.0,0.0,0.0
3,2025-09-11T22:00,0.0,0.0,0.0,0.0
3,2025-09-11T23:00,0.0,0.0,0.0,0.0
3,2025-09-12T00:00,0.0,0.0,0.0,0.0
3,2025-09-12T01:00,0.0,0.0,0.0,0.0
3,2025-09-12T02:00,0.0,0.0,0.0,0.0
3,2025-09-12T03:00,0.0,0.0,0.0,0.0
3,2025-09-12T04:00,0.0,0.0,0.0,0.0
3,2025-09-12T05:00,0.0,0.0,0.0,0.0
3,2025-09-12T06:00,13.0,13.0,13.0,0.0
3,2025-09-12T07:00,60.0,60.0,55.5,19.1
3,2025-09-12T08:00,130.0,130.0,113.5,38.4
3,2025-09-12T09:00,216.0,216.0,182.1,56.4
3,2025-09-12T10:00,307.0,307.0,252.1,74.8
3,2025-09-12T11:00,384.0,384.0,307.2,93.8
3,2025-09-12T12:00,424.0,424.0,331.6,108.5
3,2025-09-12T13:00,410.0,410.0,318.7,110.2
3,2025-09-12T14:00,346.0,346.0,272.2,98.1
3,2025-09-12T15:00,254.0,254.0,205.1,78.0
3,2025-09-12T16:00,157.0,157.0,132.6,52.9
3,2025-09-12T17:00,74.0,74.0,67.1,25.8
3,2025-09-12T18:00,17.0,17.0,17.0,0.0
3,2025-09-12T19:00,0.0,0.0,0.0,0.0
3,2025-09-12T20:00,0.0,0.0,0.0,0.0
3,2025-09-12T21:00,0.0,0.0,0.0,0.0
3,2025-09-12T22:00,0.0,0.0,0.0,0.0
3,2025-09-12T23:00,0.0,0.0,0.0,0.0
3,2025-09-13T00:00,0.0,0.0,0.0,0.0
3,2025-09-13T01:00,0.0,0.0,0.0,0.0
3,2025-09-13T02:00,0.0,0.0,0.0,0.0
3,2025-09-13T03:00,0.0,0.0,0.0,0.0
3,2025-09-13T04:00,0.0,0.0,0.0,0.0
3,2025-09-13T05:00,0.0,0.0,0.0,0.0
3,2025-09-13T06:00,20.0,20.0,18.7,13.1
3,2025-09-13T07:00,90.0,90.0,75.0,65.0
3,2025-09-13T08:00,190.0,190.0,143.3,109.1
3,2025-09-13T09:00,307.0,307.0,214.1,155.3
3,2025-09-13T10:00,425.0,425.0,278.0,201.2
3,2025-09-13T11:00,521.0,521.0,322.5,243.4
3,2025-09-13T12:00,567.0,567.0,338.7,269.4
3,2025-09-13T13:00,541.0,541.0,326.1,260.7
3,2025-09-13T14:00,450.0,450.0,286.7,218.5
3,2025-09-13T15:00,323.0,323.0,224.6,158.2
3,2025-09-13T16:00,194.0,194.0,149.7,96.9
3,2025-09-13T17:00,88.0,88.0,76.3,44.5
3,2025-09-13T18:00,19.0,19.0,18.7,2.8
3,2025-09-13T19:00,0.0,0.0,0.0,0.0
3,2025-09-13T20:00,0.0,0.0,0.0,0.0
3,2025-09-13T21:00,0.0,0.0,0.0,0.0
3,2025-09-13T22:00,0.0,0.0,0.0,0.0
3,2025-09-13T23:00,0.0,0.0,0.0,0.0
3,2025-09-14T00:00,0.0,0.0,0.0,0.0
3,2025-09-14T01:00,0.0,0.0,0.0,0.0
3,2025-09-14T02:00,0.0,0.0,0.0,0.0
3,2025-09-14T03:00,0.0,0.0,0.0,0.0
3,2025-09-14T04:00,0.0,0.0,0.0,0.0
3,2025-09-14T05:00,0.0,0.0,0.0,0.0
3,2025-09-14T06:00,22.0,22.0,19.9,21.1
3,2025-09-14T07:00,101.0,101.0,80.0,92.1
3,2025-09-14T08:00,221.0,221.0,151.1,164.5
3,2025-09-14T09:00,367.0,367.0,216.5,252.7
3,2025-09-14T10:00,521.0,521.0,264.2,352.9
3,2025-09-14T11:00,649.0,649.0,287.1,445.5
3,2025-09-14T12:00,713.0,713.0,288.8,502.6
3,2025-09-14T13:00,686.0,686.0,278.7,496.3
3,2025-09-14T14:00,573.0,573.0,259.4,421.9
3,2025-09-14T15:00,413.0,413.0,222.0,309.1
3,2025-09-14T16:00,249.0,249.0,162.3,191.6
3,2025-09-14T17:00,113.0,113.0,88.9,93.4
3,2025-09-14T18:00,24.0,24.0,22.5,13.5
3,2025-09-14T19:00,0.0,0.0,0.0,0.0
3,2025-09-14T20:00,0.0,0.0,0.0,0.0
3,2025-09-14T21:00,0.0,0.0,0.0,0.0
3,2025-09-14T22:00,0.0,0.0,0.0,0.0
3,2025-09-14T23:00,0.0,0.0,0.0,0.0
3,2025-09-15T00:00,0.0,0.0,0.0,0.0
3,2025-09-15T01:00,0.0,0.0,0.0,0.0
3,2025-09-15T02:00,0.0,0.0,0.0,0.0
3,2025-09-15T03:00,0.0,0.0,0.0,0.0
3,2025-09-15T04:00,0.0,0.0,0.0,0.0
3,2025-09-15T05:00,0.0,0.0,0.0,0.0
3,2025-09-15T06:00,21.0,21.0,19.2,18.9
3,2025-09-15T07:00,96.0,96.0,77.4,82.2
3,2025-09-15T08:00,206.0,206.0,147.1,139.2
3,2025-09-15T09:00,335.0,335.0,215.4,201.8
3,2025-09-15T10:00,467.0,467.0,272.8,268.1
3,2025-09-15T11:00,573.0,573.0,309.2,326.1
3,2025-09-15T12:00,624.0,624.0,320.0,361.6
3,2025-09-15T13:00,596.0,596.0,308.8,351.6
3,2025-09-15T14:00,494.0,494.0,277.5,293.0
3,2025-09-15T15:00,353.0,353.0,224.0,210.3
3,2025-09-15T16:00,210.0,210.0,153.3,126.6
3,2025-09-15T17:00,93.0,93.0,78.5,57.2
3,2025-09-15T18:00,19.0,19.0,18.5,4.4
3,2025-09-15T19:00,0.0,0.0,0.0,0.0
3,2025-09-15T20:00,0.0,0.0,0.0,0.0
3,2025-09-15T21:00,0.0,0.0,0.0,0.0
3,2025-09-15T22:00,0.0,0.0,0.0,0.0
3,2025-09-15T23:00,0.0,0.0,0.0,0.0
3,2025-09-16T00:00,0.0,0.0,0.0,0.0
3,2025-09-16T01:00,0.0,0.0,0.0,0.0
3,2025-09-16T02:00,0.0,0.0,0.0,0.0
3,2025-09-16T03:00,0.0,0.0,0.0,0.0
3,2025-09-16T04:00,0.0,0.0,0.0,0.0
3,2025-09-16T05:00,0.0,0.0,0.0,0.0
3,2025-09-16T06:00,17.0,17.0,16.3,7.7
3,2025-09-16T07:00,79.0,79.0,68.2,48.6
3,2025-09-16T08:00,167.0,167.0,132.9,81.1
3,2025-09-16T09:00,269.0,269.0,202.6,112.6
3,2025-09-16T10:00,372.0,372.0,268.6,143.3
3,2025-09-16T11:00,454.0,454.0,316.9,170.1
3,2025-09-16T12:00,491.0,491.0,335.9,185.4
3,2025-09-16T13:00,466.0,466.0,321.3,178.0
3,2025-09-16T14:00,383.0,383.0,275.7,146.1
3,2025-09-16T15:00,271.0,271.0,207.7,104.1
3,2025-09-16T16:00,158.0,158.0,131.1,60.7
3,2025-09-16T17:00,68.0,68.0,62.0,24.2
3,2025-09-16T18:00,14.0,14.0,14.0,0.0
3,2025-09-16T19:00,0.0,0.0,0.0,0.0
3,2025-09-16T20:00,0.0,0.0,0.0,0.0
3,2025-09-16T21:00,0.0,0.0,0.0,0.0
3,2025-09-16T22:00,0.0,0.0,0.0,0.0
3,2025-09-16T23:00,0.0,0.0,0.0,0.0
3,2025-09-17T00:00,0.0,0.0,0.0,0.0
3,2025-09-17T01:00,0.0,0.0,0.0,0.0
3,2025-09-17T02:00,0.0,0.0,0.0,0.0
3,2025-09-17T03:00,0.0,0.0,0.0,0.0
3,2025-09-17T04:00,0.0,0.0,0.0,0.0
3,2025-09-17T05:00,0.0,0.0,0.0,0.0
3,2025-09-17T06:00,18.0,18.0,16.9,11.5
3,2025-09-17T07:00,85.0,85.0,71.4,61.8
3,2025-09-17T08:00,189.0,189.0,141.1,114.7
3,2025-09-17T09:00,316.0,316.0,211.7,177.6
3,2025-09-17T10:00,450.0,450.0,271.0,249.1
3,2025-09-17T11:00,561.0,561.0,307.0,316.5
3,2025-09-17T12:00,616.0,616.0,316.4,359.6
3,2025-09-17T13:00,593.0,593.0,303.4,358.2
3,2025-09-17T14:00,495.0,495.0,271.8,305.5
3,2025-09-17T15:00,356.0,356.0,220.3,224.8
3,2025-09-17T16:00,214.0,214.0,152.4,140.9
3,2025-09-17T17:00,95.0,95.0,78.7,67.0
3,2025-09-17T18:00,20.0,20.0,19.1,8.7
3,2025-09-17T19:00,0.0,0.0,0.0,0.0
3,2025-09-17T20:00,0.0,0.0,0.0,0.0
3,2025-09-17T21:00,0.0,0.0,0.0,0.0
3,2025-09-17T22:00,0.0,0.0,0.0,0.0
3,2025-09-17T23:00,0.0,0.0,0.0,0.0
3,2025-09-18T00:00,0.0,0.0,0.0,0.0
3,2025-09-18T01:00,0.0,0.0,0.0,0.0
3,2025-09-18T02:00,0.0,0.0,0.0,0.0
3,2025-09-18T03:00,0.0,0.0,0.0,0.0
3,2025-09-18T04:00,0.0,0.0,0.0,0.0
3,2025-09-18T05:00,0.0,0.0,0.0,0.0
3,2025-09-18T06:00,21.0,21.0,18.8,23.9
3,2025-09-18T07:00,100.0,100.0,78.2,100.1
3,2025-09-18T08:00,218.0,218.0,147.9,169.0
3,2025-09-18T09:00,357.0,357.0,212.1,248.0
3,2025-09-18T10:00,500.0,500.0,261.3,333.6
3,2025-09-18T11:00,615.0,615.0,288.5,408.5
3,2025-09-18T12:00,669.0,669.0,294.2,451.9
3,2025-09-18T13:00,639.0,639.0,284.2,441.0
3,2025-09-18T14:00,529.0,529.0,260.8,369.4
3,2025-09-18T15:00,376.0,376.0,217.5,264.6
3,2025-09-18T16:00,222.0,222.0,153.0,159.5
3,2025-09-18T17:00,96.0,96.0,78.7,72.6
3,2025-09-18T18:00,19.0,19.0,18.2,7.9
3,2025-09-18T19:00,0.0,0.0,0.0,0.0
3,2025-09-18T20:00,0.0,0.0,0.0,0.0
3,2025-09-18T21:00,0.0,0.0,0.0,0.0
3,2025-09-18T22:00,0.0,0.0,0.0,0.0
3,2025-09-18T23:00,0.0,0.0,0.0,0.0
3,2025-09-19T00:00,0.0,0.0,0.0,0.0
3,2025-09-19T01:00,0.0,0.0,0.0,0.0
3,2025-09-19T02:00,0.0,0.0,0.0,0.0
3,2025-09-19T03:00,0.0,0.0,0.0,0.0
3,2025-09-19T04:00,0.0,0.0,0.0,0.0
3,2025-09-19T05:00,0.0,0.0,0.0,0.0
3,2025-09-19T06:00,7.0,7.0,7.0,0.0
3,2025-09-19T07:00,35.0,35.0,34.2,3.6
3,2025-09-19T08:00,90.0,90.0,83.4,16.0
3,2025-09-19T09:00,167.0,167.0,149.6,30.0
3,2025-09-19T10:00,257.0,257.0,222.6,48.3
3,2025-09-19T11:00,337.0,337.0,281.5,69.7
3,2025-09-19T12:00,384.0,384.0,309.5,90.2
3,2025-09-19T13:00,378.0,378.0,298.8,98.9
3,2025-09-19T14:00,323.0,323.0,255.3,93.9
3,2025-09-19T15:00,238.0,238.0,191.8,77.7
3,2025-09-19T16:00,147.0,147.0,123.6,54.7
3,2025-09-19T17:00,67.0,67.0,60.7,26.9
3,2025-09-19T18:00,14.0,14.0,14.0,0.1
3,2025-09-19T19:00,0.0,0.0,0.0,0.0
3,2025-09-19T20:00,0.0,0.0,0.0,0.0
3,2025-09-19T21:00,0.0,0.0,0.0,0.0
3,2025-09-19T22:00,0.0,0.0,0.0,0.0
3,2025-09-19T23:00,0.0,0.0,0.0,0.0
3,2025-09-20T00:00,0.0,0.0,0.0,0.0
3,2025-09-20T01:00,0.0,0.0,0.0,0.0
3,2025-09-20T02:00,0.0,0.0,0.0,0.0
3,2025-09-20T03:00,0.0,0.0,0.0,0.0
3,2025-09-20T04:00,0.0,0.0,0.0,0.0
3,2025-09-20T05:00,0.0,0.0,0.0,0.0
3,2025-09-20T06:00,20.0,20.0,17.9,23.4
3,2025-09-20T07:00,99.0,99.0,77.0,103.3
3,2025-09-20T08:00,216.0,216.0,146.2,170.6
3,2025-09-20T09:00,351.0,351.0,209.9,244.0
3,2025-09-20T10:00,486.0,486.0,260.4,318.2
3,2025-09-20T11:00,595.0,595.0,289.7,385.3
3,2025-09-20T12:00,646.0,646.0,296.5,425.2
3,2025-09-20T13:00,617.0,617.0,285.5,416.3
3,2025-09-20T14:00,513.0,513.0,259.2,353.9
3,2025-09-20T15:00,368.0,368.0,213.8,261.5
3,2025-09-20T16:00,220.0,220.0,150.2,165.0
3,2025-09-20T17:00,96.0,96.0,77.6,80.7
3,2025-09-20T18:00,19.0,19.0,17.9,11.4
3,2025-09-20T19:00,0.0,0.0,0.0,0.0
3,2025-09-20T20:00,0.0,0.0,0.0,0.0
3,2025-09-20T21:00,0.0,0.0,0.0,0.0
3,2025-09-20T22:00,0.0,0.0,0.0,0.0
3,2025-09-20T23:00,0.0,0.0,0.0,0.0
3,2025-09-21T00:00,0.0,0.0,0.0,0.0
3,2025-09-21T01:00,0.0,0.0,0.0,0.0
3,2025-09-21T02:00,0.0,0.0,0.0,0.0
3,2025-09-21T03:00,0.0,0.0,0.0,0.0
3,2025-09-21T04:00,0.0,0.0,0.0,0.0
3,2025-09-21T05:00,0.0,0.0,0.0,0.0
3,2025-09-21T06:00,19.0,19.0,17.1,21.0
3,2025-09-21T07:00,94.0,94.0,74.6,92.4
3,2025-09-21T08:00,205.0,205.0,143.4,151.7
3,2025-09-21T09:00,332.0,332.0,208.7,214.2
3,2025-09-21T10:00,460.0,460.0,262.9,279.3
3,2025-09-21T11:00,561.0,561.0,296.9,334.9
3,2025-09-21T12:00,607.0,607.0,306.7,367.0
3,2025-09-21T13:00,577.0,577.0,295.2,355.7
3,2025-09-21T14:00,478.0,478.0,264.0,300.3
3,2025-09-21T15:00,340.0,340.0,212.5,217.9
3,2025-09-21T16:00,200.0,200.0,144.5,132.7
3,2025-09-21T17:00,85.0,85.0,71.5,60.5
3,2025-09-21T18:00,16.0,16.0,15.5,5.4
3,2025-09-21T19:00,0.0,0.0,0.0,0.0
3,2025-09-21T20:00,0.0,0.0,0.0,0.0
3,2025-09-21T21:00,0.0,0.0,0.0,0.0
3,2025-09-21T22:00,0.0,0.0,0.0,0.0
3,2025-09-21T23:00,0.0,0.0,0.0,0.0
3,2025-09-22T00:00,0.0,0.0,0.0,0.0
3,2025-09-22T01:00,0.0,0.0,0.0,0.0
3,2025-09-22T02:00,0.0,0.0,0.0,0.0
3,2025-09-22T03:00,0.0,0.0,0.0,0.0
3,2025-09-22T04:00,0.0,0.0,0.0,0.0
3,2025-09-22T05:00,0.0,0.0,0.0,0.0
3,2025-09-22T06:00,18.0,18.0,16.4,18.6
3,2025-09-22T07:00,90.0,90.0,72.5,84.5
3,2025-09-22T08:00,188.0,188.0,138.3,123.2
3,2025-09-22T09:00,291.0,291.0,203.3,153.2
3,2025-09-22T10:00,386.0,386.0,262.9,175.2
3,2025-09-22T11:00,453.0,453.0,306.3,186.9
3,2025-09-22T12:00,475.0,475.0,322.7,187.1
3,2025-09-22T13:00,437.0,437.0,306.5,165.7
3,2025-09-22T14:00,345.0,345.0,257.8,123.1
3,2025-09-22T15:00,229.0,229.0,185.2,75.5
3,2025-09-22T16:00,121.0,121.0,106.4,35.4
3,2025-09-22T17:00,43.0,43.0,41.4,7.6
3,2025-09-22T18:00,6.0,6.0,6.0,0.0
3,2025-09-22T19:00,0.0,0.0,0.0,0.0
3,2025-09-22T20:00,0.0,0.0,0.0,0.0
3,2025-09-22T21:00,0.0,0.0,0.0,0.0
3,2025-09-22T22:00,0.0,0.0,0.0,0.0
3,2025-09-22T23:00,0.0,0.0,0.0,0.0
3,2025-09-23T00:00,0.0,0.0,0.0,0.0
3,2025-09-23T01:00,0.0,0.0,0.0,0.0
3,2025-09-23T02:00,0.0,0.0,0.0,0.0
3,2025-09-23T03:00,0.0,0.0,0.0,0.0
3,2025-09-23T04:00,0.0,0.0,0.0,0.0
3,2025-09-23T05:00,0.0,0.0,0.0,0.0
3,2025-09-23T06:00,5.0,5.0,5.0,0.0
3,2025-09-23T07:00,27.0,27.0,26.8,1.1
3,2025-09-23T08:00,64.0,64.0,61.1,7.1
3,2025-09-23T09:00,112.0,112.0,106.2,10.2
3,2025-09-23T10:00,164.0,164.0,156.0,11.4
3,2025-09-23T11:00,208.0,208.0,198.0,12.9
3,2025-09-23T12:00,228.0,228.0,216.5,14.3
3,2025-09-23T13:00,215.0,215.0,203.7,14.4
3,2025-09-23T14:00,171.0,171.0,162.0,12.8
3,2025-09-23T15:00,112.0,112.0,106.4,9.7
3,2025-09-23T16:00,58.0,58.0,55.8,5.4
3,2025-09-23T17:00,19.0,19.0,19.0,0.0
3,2025-09-23T18:00,2.0,2.0,2.0,0.0
3,2025-09-23T19:00,0.0,0.0,0.0,0.0
3,2025-09-23T20:00,0.0,0.0,0.0,0.0
3,2025-09-23T21:00,0.0,0.0,0.0,0.0
3,2025-09-23T22:00,0.0,0.0,0.0,0.0
3,2025-09-23T23:00,0.0,0.0,0.0,0.0
4,2025-09-09T00:00,0.0,0.0,0.0,0.0
4,2025-09-09T01:00,0.0,0.0,0.0,0.0
4,2025-09-09T02:00,0.0,0.0,0.0,0.0
4,2025-09-09T03:00,0.0,0.0,0.0,0.0
4,2025-09-09T04:00,0.0,0.0,0.0,0.0
4,2025-09-09T05:00,0.0,0.0,0.0,0.0
4,2025-09-09T06:00,18.0,18.0,17.0,9.9
4,2025-09-09T07:00,82.0,82.0,69.8,54.9
4,2025-09-09T08:00,184.0,184.0,139.0,108.5
4,2025-09-09T09:00,316.0,316.0,210.4,181.0
4,2025-09-09T10:00,459.0,459.0,268.7,265.8
4,2025-09-09T11:00,582.0,582.0,302.6,347.7
4,2025-09-09T12:00,647.0,647.0,312.2,398.4
4,2025-09-09T13:00,627.0,627.0,304.8,391.3
4,2025-09-09T14:00,525.0,525.0,281.3,323.0
4,2025-09-09T15:00,378.0,378.0,234.6,224.9
4,2025-09-09T16:00,228.0,228.0,165.5,129.8
4,2025-09-09T17:00,106.0,106.0,89.2,56.7
4,2025-09-09T18:00,25.0,25.0,24.2,5.7
4,2025-09-09T19:00,0.0,0.0,0.0,0.0
4,2025-09-09T20:00,0.0,0.0,0.0,0.0
4,2025-09-09T21:00,0.0,0.0,0.0,0.0
4,2025-09-09T22:00,0.0,0.0,0.0,0.0
4,2025-09-09T23:00,0.0,0.0,0.0,0.0
4,2025-09-10T00:00,0.0,0.0,0.0,0.0
4,2025-09-10T01:00,0.0,0.0,0.0,0.0
4,2025-09-10T02:00,0.0,0.0,0.0,0.0
4,2025-09-10T03:00,0.0,0.0,0.0,0.0
4,2025-09-10T04:00,0.0,0.0,0.0,0.0
4,2025-09-10T05:00,0.0,0.0,0.0,0.0
4,2025-09-10T06:00,17.0,17.0,16.2,8.2
4,2025-09-10T07:00,78.0,78.0,67.3,49.0
4,2025-09-10T08:00,167.0,167.0,131.9,85.3
4,2025-09-10T09:00,272.0,272.0,201.1,122.2
4,2025-09-10T10:00,380.0,380.0,266.5,159.3
4,2025-09-10T11:00,468.0,468.0,314.9,191.2
4,2025-09-10T12:00,509.0,509.0,336.1,206.6
4,2025-09-10T13:00,484.0,484.0,326.0,192.8
4,2025-09-10T14:00,396.0,396.0,284.1,149.1
4,2025-09-10T15:00,276.0,276.0,215.3,95.9
4,2025-09-10T16:00,158.0,158.0,134.5,49.3
4,2025-09-10T17:00,68.0,68.0,63.1,16.9
4,2025-09-10T18:00,14.0,14.0,14.0,0.0
4,2025-09-10T19:00,0.0,0.0,0.0,0.0
4,2025-09-10T20:00,0.0,0.0,0.0,0.0
4,2025-09-10T21:00,0.0,0.0,0.0,0.0
4,2025-09-10T22:00,0.0,0.0,0.0,0.0
4,2025-09-10T23:00,0.0,0.0,0.0,0.0
4,2025-09-11T00:00,0.0,0.0,0.0,0.0
4,2025-09-11T01:00,0.0,0.0,0.0,0.0
4,2025-09-11T02:00,0.0,0.0,0.0,0.0
4,2025-09-11T03:00,0.0,0.0,0.0,0.0
4,2025-09-11T04:00,0.0,0.0,0.0,0.0
4,2025-09-11T05:00,0.0,0.0,0.0,0.0
4,2025-09-11T06:00,15.0,15.0,14.6,4.2
4,2025-09-11T07:00,72.0,72.0,63.4,39.9
4,2025-09-11T08:00,157.0,157.0,126.9,73.5
4,2025-09-11T09:00,262.0,262.0,197.4,111.8
4,2025-09-11T10:00,371.0,371.0,263.9,150.9
4,2025-09-11T11:00,463.0,463.0,313.0,188.2
4,2025-09-11T12:00,511.0,511.0,333.9,212.5
4,2025-09-11T13:00,494.0,494.0,323.9,208.6
4,2025-09-11T14:00,416.0,416.0,284.8,175.9
4,2025-09-11T15:00,304.0,304.0,222.6,129.4
4,2025-09-11T16:00,188.0,188.0,149.5,81.7
4,2025-09-11T17:00,90.0,90.0,78.9,39.0
4,2025-09-11T18:00,22.0,22.0,21.5,3.6
4,2025-09-11T19:00,0.0,0.0,0.0,0.0
4,2025-09-11T20:00,0.0,0.0,0.0,0.0
4,2025-09-11T21:00,0.0,0.0,0.0,0.0
4,2025-09-11T22:00,0.0,0.0,0.0,0.0
4,2025-09-11T23:00,0.0,0.0,0.0,0.0
4,2025-09-12T00:00,0.0,0.0,0.0,0.0
4,2025-09-12T01:00,0.0,0.0,0.0,0.0
4,2025-09-12T02:00,0.0,0.0,0.0,0.0
4,2025-09-12T03:00,0.0,0.0,0.0,0.0
4,2025-09-12T04:00,0.0,0.0,0.0,0.0
4,2025-09-12T05:00,0.0,0.0,0.0,0.0
4,2025-09-12T06:00,20.0,20.0,18.1,21.0
4,2025-09-12T07:00,98.0,98.0,76.8,99.4
4,2025-09-12T08:00,213.0,213.0,145.1,167.2
4,2025-09-12T09:00,348.0,348.0,208.4,242.9
4,2025-09-12T10:00,488.0,488.0,258.5,324.7
4,2025-09-12T11:00,604.0,604.0,288.0,398.1
4,2025-09-12T12:00,663.0,663.0,296.7,441.6
4,2025-09-12T13:00,642.0,642.0,289.3,434.5
4,2025-09-12T14:00,544.0,544.0,267.5,372.8
4,2025-09-12T15:00,403.0,403.0,226.6,282.8
4,2025-09-12T16:00,254.0,254.0,167.0,186.5
4,2025-09-12T17:00,125.0,125.0,96.7,100.8
4,2025-09-12T18:00,31.0,31.0,28.2,22.4
4,2025-09-12T19:00,0.0,0.0,0.0,0.0
4,2025-09-12T20:00,0.0,0.0,0.0,0.0
4,2025-09-12T21:00,0.0,0.0,0.0,0.0
4,2025-09-12T22:00,0.0,0.0,0.0,0.0
4,2025-09-12T23:00,0.0,0.0,0.0,0.0
4,2025-09-13T00:00,0.0,0.0,0.0,0.0
4,2025-09-13T01:00,0.0,0.0,0.0,0.0
4,2025-09-13T02:00,0.0,0.0,0.0,0.0
4,2025-09-13T03:00,0.0,0.0,0.0,0.0
4,2025-09-13T04:00,0.0,0.0,0.0,0.0
4,2025-09-13T05:00,0.0,0.0,0.0,0.0
4,2025-09-13T06:00,18.0,18.0,16.6,15.0
4,2025-09-13T07:00,84.0,84.0,69.9,66.7
4,2025-09-13T08:00,178.0,178.0,135.0,106.5
4,2025-09-13T09:00,282.0,282.0,201.3,141.2
4,2025-09-13T10:00,385.0,385.0,263.3,173.0
4,2025-09-13T11:00,467.0,467.0,309.5,199.2
4,2025-09-13T12:00,504.0,504.0,329.7,211.1
4,2025-09-13T13:00,481.0,481.0,319.3,200.2
4,2025-09-13T14:00,400.0,400.0,279.2,163.8
4,2025-09-13T15:00,288.0,288.0,215.7,116.7
4,2025-09-13T16:00,175.0,175.0,142.1,71.3
4,2025-09-13T17:00,81.0,81.0,72.3,31.6
4,2025-09-13T18:00,19.0,19.0,18.9,1.2
4,2025-09-13T19:00,0.0,0.0,0.0,0.0
4,2025-09-13T20:00,0.0,0.0,0.0,0.0
4,2025-09-13T21:00,0.0,0.0,0.0,0.0
4,2025-09-13T22:00,0.0,0.0,0.0,0.0
4,2025-09-13T23:00,0.0,0.0,0.0,0.0
4,2025-09-14T00:00,0.0,0.0,0.0,0.0
4,2025-09-14T01:00,0.0,0.0,0.0,0.0
4,2025-09-14T02:00,0.0,0.0,0.0,0.0
4,2025-09-14T03:00,0.0,0.0,0.0,0.0
4,2025-09-14T04:00,0.0,0.0,0.0,0.0
4,2025-09-14T05:00,0.0,0.0,0.0,0.0
4,2025-09-14T06:00,12.0,12.0,12.0,0.4
4,2025-09-14T07:00,56.0,56.0,51.8,20.2
4,2025-09-14T08:00,120.0,120.0,105.0,37.4
4,2025-09-14T09:00,194.0,194.0,165.5,50.2
4,2025-09-14T10:00,267.0,267.0,225.8,58.7
4,2025-09-14T11:00,326.0,326.0,274.2,65.8
4,2025-09-14T12:00,354.0,354.0,296.4,70.0
4,2025-09-14T13:00,340.0,340.0,285.0,68.4
4,2025-09-14T14:00,285.0,285.0,241.6,59.2
4,2025-09-14T15:00,208.0,208.0,179.4,46.5
4,2025-09-14T16:00,128.0,128.0,113.7,31.2
4,2025-09-14T17:00,61.0,61.0,57.1,14.5
4,2025-09-14T18:00,14.0,14.0,14.0,0.0
4,2025-09-14T19:00,0.0,0.0,0.0,0.0
4,2025-09-14T20:00,0.0,0.0,0.0,0.0
4,2025-09-14T21:00,0.0,0.0,0.0,0.0
4,2025-09-14T22:00,0.0,0.0,0.0,0.0
4,2025-09-14T23:00,0.0,0.0,0.0,0.0
4,2025-09-15T00:00,0.0,0.0,0.0,0.0
4,2025-09-15T01:00,0.0,0.0,0.0,0.0
4,2025-09-15T02:00,0.0,0.0,0.0,0.0
4,2025-09-15T03:00,0.0,0.0,0.0,0.0
4,2025-09-15T04:00,0.0,0.0,0.0,0.0
4,2025-09-15T05:00,0.0,0.0,0.0,0.0
4,2025-09-15T06:00,12.0,12.0,11.9,0.9
4,2025-09-15T07:00,65.0,65.0,58.2,33.4
4,2025-09-15T08:00,151.0,151.0,122.7,71.2
4,2025-09-15T09:00,261.0,261.0,194.3,117.9
4,2025-09-15T10:00,381.0,381.0,260.2,173.2
4,2025-09-15T11:00,484.0,484.0,305.4,228.0
4,2025-09-15T12:00,541.0,541.0,321.9,267.7
4,2025-09-15T13:00,528.0,528.0,311.1,271.2
4,2025-09-15T14:00,450.0,450.0,276.4,238.3
4,2025-09-15T15:00,334.0,334.0,221.6,184.4
4,2025-09-15T16:00,209.0,209.0,153.9,122.0
4,2025-09-15T17:00,101.0,101.0,83.9,64.7
4,2025-09-15T18:00,24.0,24.0,22.7,10.6
4,2025-09-15T19:00,0.0,0.0,0.0,0.0
4,2025-09-15T20:00,0.0,0.0,0.0,0.0
4,2025-09-15T21:00,0.0,0.0,0.0,0.0
4,2025-09-15T22:00,0.0,0.0,0.0,0.0
4,2025-09-15T23:00,0.0,0.0,0.0,0.0
4,2025-09-16T00:00,0.0,0.0,0.0,0.0
4,2025-09-16T01:00,0.0,0.0,0.0,0.0
4,2025-09-16T02:00,0.0,0.0,0.0,0.0
4,2025-09-16T03:00,0.0,0.0,0.0,0.0
4,2025-09-16T04:00,0.0,0.0,0.0,0.0
4,2025-09-16T05:00,0.0,0.0,0.0,0.0
4,2025-09-16T06:00,15.0,15.0,14.2,9.0
4,2025-09-16T07:00,80.0,80.0,67.0,64.1
4,2025-09-16T08:00,184.0,184.0,135.5,122.7
4,2025-09-16T09:00,312.0,312.0,203.0,193.7
4,2025-09-16T10:00,449.0,449.0,257.7,275.7
4,2025-09-16T11:00,565.0,565.0,289.4,353.4
4,2025-09-16T12:00,627.0,627.0,297.1,405.0
4,2025-09-16T13:00,608.0,608.0,288.0,402.4
4,2025-09-16T14:00,513.0,513.0,263.7,344.4
4,2025-09-16T15:00,376.0,376.0,220.1,257.7
4,2025-09-16T16:00,231.0,231.0,158.1,163.2
4,2025-09-16T17:00,109.0,109.0,87.3,83.7
4,2025-09-16T18:00,25.0,25.0,23.3,14.5
4,2025-09-16T19:00,0.0,0.0,0.0,0.0
4,2025-09-16T20:00,0.0,0.0,0.0,0.0
4,2025-09-16T21:00,0.0,0.0,0.0,0.0
4,2025-09-16T22:00,0.0,0.0,0.0,0.0
4,2025-09-16T23:00,0.0,0.0,0.0,0.0
4,2025-09-17T00:00,0.0,0.0,0.0,0.0
4,2025-09-17T01:00,0.0,0.0,0.0,0.0
4,2025-09-17T02:00,0.0,0.0,0.0,0.0
4,2025-09-17T03:00,0.0,0.0,0.0,0.0
4,2025-09-17T04:00,0.0,0.0,0.0,0.0
4,2025-09-17T05:00,0.0,0.0,0.0,0.0
4,2025-09-17T06:00,15.0,15.0,14.1,10.4
4,2025-09-17T07:00,79.0,79.0,66.2,64.0
4,2025-09-17T08:00,177.0,177.0,132.7,112.9
4,2025-09-17T09:00,290.0,290.0,199.3,162.0
4,2025-09-17T10:00,406.0,406.0,258.7,213.3
4,2025-09-17T11:00,501.0,501.0,299.7,259.3
4,2025-09-17T12:00,547.0,547.0,315.6,285.4
4,2025-09-17T13:00,526.0,526.0,305.9,278.3
4,2025-09-17T14:00,440.0,440.0,272.1,233.4
4,2025-09-17T15:00,319.0,319.0,216.5,170.8
4,2025-09-17T16:00,194.0,194.0,147.1,106.3
4,2025-09-17T17:00,89.0,89.0,76.3,50.0
4,2025-09-17T18:00,20.0,20.0,19.4,5.3
4,2025-09-17T19:00,0.0,0.0,0.0,0.0
4,2025-09-17T20:00,0.0,0.0,0.0,0.0
4,2025-09-17T21:00,0.0,0.0,0.0,0.0
4,2025-09-17T22:00,0.0,0.0,0.0,0.0
4,2025-09-17T23:00,0.0,0.0,0.0,0.0
4,2025-09-18T00:00,0.0,0.0,0.0,0.0
4,2025-09-18T01:00,0.0,0.0,0.0,0.0
4,2025-09-18T02:00,0.0,0.0,0.0,0.0
4,2025-09-18T03:00,0.0,0.0,0.0,0.0
4,2025-09-18T04:00,0.0,0.0,0.0,0.0
4,2025-09-18T05:00,0.0,0.0,0.0,0.0
4,2025-09-18T06:00,11.0,11.0,10.9,0.8
4,2025-09-18T07:00,55.0,55.0,50.7,21.9
4,2025-09-18T08:00,111.0,111.0,98.3,32.7
4,2025-09-18T09:00,164.0,164.0,145.4,33.3
4,2025-09-18T10:00,208.0,208.0,188.3,28.6
4,2025-09-18T11:00,236.0,236.0,218.2,23.1
4,2025-09-18T12:00,240.0,240.0,225.2,18.3
4,2025-09-18T13:00,217.0,217.0,205.6,14.5
4,2025-09-18T14:00,168.0,168.0,160.3,10.8
4,2025-09-18T15:00,110.0,110.0,105.3,7.9
4,2025-09-18T16:00,56.0,56.0,54.1,4.3
4,2025-09-18T17:00,19.0,19.0,18.9,0.4
4,2025-09-18T18:00,2.0,2.0,2.0,0.0
4,2025-09-18T19:00,0.0,0.0,0.0,0.0
4,2025-09-18T20:00,0.0,0.0,0.0,0.0
4,2025-09-18T21:00,0.0,0.0,0.0,0.0
4,2025-09-18T22:00,0.0,0.0,0.0,0.0
4,2025-09-18T23:00,0.0,0.0,0.0,0.0
4,2025-09-19T00:00,0.0,0.0,0.0,0.0
4,2025-09-19T01:00,0.0,0.0,0.0,0.0
4,2025-09-19T02:00,0.0,0.0,0.0,0.0
4,2025-09-19T03:00,0.0,0.0,0.0,0.0
4,2025-09-19T04:00,0.0,0.0,0.0,0.0
4,2025-09-19T05:00,0.0,0.0,0.0,0.0
4,2025-09-19T06:00,10.0,10.0,10.0,0.0
4,2025-09-19T07:00,58.0,58.0,52.8,27.0
4,2025-09-19T08:00,147.0,147.0,119.4,71.5
4,2025-09-19T09:00,267.0,267.0,192.8,134.0
4,2025-09-19T10:00,403.0,403.0,255.5,215.6
4,2025-09-19T11:00,523.0,523.0,291.6,300.8
4,2025-09-19T12:00,592.0,592.0,299.0,365.0
4,2025-09-19T13:00,581.0,581.0,286.7,376.0
4,2025-09-19T14:00,496.0,496.0,258.9,333.9
4,2025-09-19T15:00,366.0,366.0,214.2,257.1
4,2025-09-19T16:00,227.0,227.0,153.6,170.3
4,2025-09-19T17:00,106.0,106.0,84.0,90.1
4,2025-09-19T18:00,23.0,23.0,21.4,15.0
4,2025-09-19T19:00,0.0,0.0,0.0,0.0
4,2025-09-19T20:00,0.0,0.0,0.0,0.0
4,2025-09-19T21:00,0.0,0.0,0.0,0.0
4,2025-09-19T22:00,0.0,0.0,0.0,0.0
4,2025-09-19T23:00,0.0,0.0,0.0,0.0
4,2025-09-20T00:00,0.0,0.0,0.0,0.0
4,2025-09-20T01:00,0.0,0.0,0.0,0.0
4,2025-09-20T02:00,0.0,0.0,0.0,0.0
4,2025-09-20T03:00,0.0,0.0,0.0,0.0
4,2025-09-20T04:00,0.0,0.0,0.0,0.0
4,2025-09-20T05:00,0.0,0.0,0.0,0.0
4,2025-09-20T06:00,19.0,19.0,16.0,36.9
4,2025-09-20T07:00,104.0,104.0,75.1,151.5
4,2025-09-20T08:00,239.0,239.0,141.2,255.4
4,2025-09-20T09:00,400.0,400.0,190.1,381.4
4,2025-09-20T10:00,566.0,566.0,215.9,514.3
4,2025-09-20T11:00,702.0,702.0,222.0,627.2
4,2025-09-20T12:00,770.0,770.0,218.0,691.1
4,2025-09-20T13:00,742.0,742.0,213.8,678.6
4,2025-09-20T14:00,622.0,622.0,210.7,582.9
4,2025-09-20T15:00,451.0,451.0,195.6,436.4
4,2025-09-20T16:00,273.0,273.0,154.9,277.2
4,2025-09-20T17:00,123.0,123.0,89.4,141.0
4,2025-09-20T18:00,26.0,26.0,23.1,27.7
4,2025-09-20T19:00,0.0,0.0,0.0,0.0
4,2025-09-20T20:00,0.0,0.0,0.0,0.0
4,2025-09-20T21:00,0.0,0.0,0.0,0.0
4,2025-09-20T22:00,0.0,0.0,0.0,0.0
4,2025-09-20T23:00,0.0,0.0,0.0,0.0
4,2025-09-21T00:00,0.0,0.0,0.0,0.0
4,2025-09-21T01:00,0.0,0.0,0.0,0.0
4,2025-09-21T02:00,0.0,0.0,0.0,0.0
4,2025-09-21T03:00,0.0,0.0,0.0,0.0
4,2025-09-21T04:00,0.0,0.0,0.0,0.0
4,2025-09-21T05:00,0.0,0.0,0.0,0.0
4,2025-09-21T06:00,15.0,15.0,13.6,17.7
4,2025-09-21T07:00,85.0,85.0,67.9,91.3
4,2025-09-21T08:00,199.0,199.0,136.3,165.1
4,2025-09-21T09:00,338.0,338.0,197.5,256.8
4,2025-09-21T10:00,484.0,484.0,241.0,358.8
4,2025-09-21T11:00,606.0,606.0,261.5,452.3
4,2025-09-21T12:00,669.0,669.0,262.9,511.0
4,2025-09-21T13:00,646.0,646.0,255.1,505.1
4,2025-09-21T14:00,542.0,542.0,239.3,431.9
4,2025-09-21T15:00,393.0,393.0,206.6,321.2
4,2025-09-21T16:00,238.0,238.0,152.3,203.6
4,2025-09-21T17:00,107.0,107.0,83.1,102.6
4,2025-09-21T18:00,22.0,22.0,20.3,16.6
4,2025-09-21T19:00,0.0,0.0,0.0,0.0
4,2025-09-21T20:00,0.0,0.0,0.0,0.0
4,2025-09-21T21:00,0.0,0.0,0.0,0.0
4,2025-09-21T22:00,0.0,0.0,0.0,0.0
4,2025-09-21T23:00,0.0,0.0,0.0,0.0
4,2025-09-22T00:00,0.0,0.0,0.0,0.0
4,2025-09-22T01:00,0.0,0.0,0.0,0.0
4,2025-09-22T02:00,0.0,0.0,0.0,0.0
4,2025-09-22T03:00,0.0,0.0,0.0,0.0
4,2025-09-22T04:00,0.0,0.0,0.0,0.0
4,2025-09-22T05:00,0.0,0.0,0.0,0.0
4,2025-09-22T06:00,14.0,14.0,12.8,15.3
4,2025-09-22T07:00,79.0,79.0,64.7,77.1
4,2025-09-22T08:00,178.0,178.0,130.4,126.2
4,2025-09-22T09:00,289.0,289.0,194.3,174.1
4,2025-09-22T10:00,397.0,397.0,250.7,217.1
4,2025-09-22T11:00,482.0,482.0,290.6,252.6
4,2025-09-22T12:00,519.0,519.0,306.5,268.7
4,2025-09-22T13:00,491.0,491.0,296.7,252.5
4,2025-09-22T14:00,402.0,402.0,261.1,202.3
4,2025-09-22T15:00,282.0,282.0,202.3,138.4
4,2025-09-22T16:00,162.0,162.0,130.1,76.7
4,2025-09-22T17:00,67.0,67.0,60.5,28.3
4,2025-09-22T18:00,13.0,13.0,13.0,0.0
4,2025-09-22T19:00,0.0,0.0,0.0,0.0
4,2025-09-22T20:00,0.0,0.0,0.0,0.0
4,2025-09-22T21:00,0.0,0.0,0.0,0.0
4,2025-09-22T22:00,0.0,0.0,0.0,0.0
4,2025-09-22T23:00,0.0,0.0,0.0,0.0
4,2025-09-23T00:00,0.0,0.0,0.0,0.0
4,2025-09-23T01:00,0.0,0.0,0.0,0.0
4,2025-09-23T02:00,0.0,0.0,0.0,0.0
4,2025-09-23T03:00,0.0,0.0,0.0,0.0
4,2025-09-23T04:00,0.0,0.0,0.0,0.0
4,2025-09-23T05:00,0.0,0.0,0.0,0.0
4,2025-09-23T06:00,2.0,2.0,2.0,0.0
4,2025-09-23T07:00,13.0,13.0,13.0,0.0
4,2025-09-23T08:00,36.0,36.0,35.2,2.3
4,2025-09-23T09:00,69.0,69.0,67.1,3.6
4,2025-09-23T10:00,108.0,108.0,105.7,3.5
4,2025-09-23T11:00,142.0,142.0,139.7,3.1
4,2025-09-23T12:00,159.0,159.0,156.5,3.2
4,2025-09-23T13:00,151.0,151.0,148.3,3.5
4,2025-09-23T14:00,118.0,118.0,115.5,3.6
4,2025-09-23T15:00,75.0,75.0,73.1,3.4
4,2025-09-23T16:00,36.0,36.0,35.2,2.0
4,2025-09-23T17:00,10.0,10.0,10.0,0.0
4,2025-09-23T18:00,1.0,1.0,1.0,0.0
4,2025-09-23T19:00,0.0,0.0,0.0,0.0
4,2025-09-23T20:00,0.0,0.0,0.0,0.0
4,2025-09-23T21:00,0.0,0.0,0.0,0.0
4,2025-09-23T22:00,0.0,0.0,0.0,0.0
4,2025-09-23T23:00,0.0,0.0,0.0,0.0
